Title,Language
Dark,de
Too Hot to Handle: Germany,de
Kaulitz & Kaulitz,de
All Quiet on the Western Front,de
Fall for Me,de
Freud,de
The Empress,de
We Are the Wave,de
Dear Child,de
How to Sell Drugs Online (Fast),de
Love Is Blind: Germany,de
Biohackers,de
Cassandra,de
Dudes,de
Hard Feelings,de
Murder Mindfully,de
Paradise,de
Brick,de
Exterritorial,de
Kleo,de
Kitz,de
Tribes of Europa,de
Making All Quiet on the Western Front,de
The Perfumier,de
The Signal,de
Criminal: Germany,de
Life's a Glitch with Julien Bam,de
How to Be Really Bad,de
She Said Maybe,de
Barbarians,de
The Billion Dollar Code,de
Woman of the Dead,de
Blood Red Sky,de
Into the Beat,de
All Is Well,de
Sing On! Germany,de
Dogs of Berlin,de
Race to the Summit,de
The Four of Us,de
Je Suis Karl,de
Rising High,de
Isi & Ossi,de
King of Stonks,de
Black Island,de
Sixty Minutes,de
Fight for Paradise: Who Can You Trust?,de
The Last Word,de
And Tomorrow the Entire World,de
Sleeping Dog,de
Freaks – You're One of Us,de
Blood & Gold,de
Kidnapping Stella,de
For Jojo,de
What We Wanted,de
Prey,de
Joy,de
Crime Scene Berlin: Nightlife Killer,de
Close to Home: Murder in the Coalfield,de
Blame the Game,de
The Privilege,de
Holiday Secrets,de
Old People,de
Shiny_Flakes: The Teenage Drug Lord,de
Delicious,de
The Awakening of Motti Wolkenbruch,de
"Berlin, Berlin: Lolle on the Run",de
Skylines,de
Rumspringa - An Amish in Berlin,de
Crooks,de
Nailed It! Germany,de
Enissa Amani: Ehrenwort,de
Dig Deeper: The Disappearance of Birgit Meier,de
Buba,de
Gladbeck: The Hostage Crisis,de
A Perfect Crime,de
The Heartbreak Agency,de
The Houseboat,de
Felix Lobrecht: Hype,de
Hazel Brugger: Tropical,de
Frank Elstner: Just One Last Question,de
Christmas Crossfire,de
Over Christmas,de
RebellComedy: Straight Outta the Zoo,de
Big Mäck: Gangsters and Gold,de
Your Life Is a Joke,de
Carolin Kebekus: The Last Christmas Special,de
Love is Blind: France,fr
Néro the Assassin,fr
Don't Hate the Player,fr
The Parisian Agency: Exclusive Properties,fr
The Circle France,fr
Close,fr
Lupin,fr
The Ultimatum: France,fr
French Lover,fr
Fiasco,fr
Anthracite,fr
Passion simple,fr
The 7 Lives of Lea,fr
Into the Night,fr
Under Paris,fr
Black Butterflies,fr
Chef's Table: France,fr
Vortex,fr
Osmosis,fr
The Summit of the Gods,fr
Mortel,fr
Vampires,fr
La Révolution,fr
Tour de France: Unchained,fr
Girl,fr
Marianne,fr
No Limit,fr
The Cage,fr
Oxygen,fr
I Am Not an Easy Man,fr
Criminal: France,fr
Wingwomen,fr
Nothing to Hide,fr
Madame Claude,fr
The Hook Up Plan,fr
Rhythm + Flow France: After the Beat,fr
ATHENA,fr
Angèle,fr
Family Pack,fr
Furies,fr
Young Millionaires,fr
Dangerous Liaisons,fr
I Lost My Body,fr
Shéhérazade,fr
Bigbug,fr
How I Became a Superhero,fr
Astérix & Obélix: The Middle Kingdom,fr
Call My Agent!,fr
K.O.,fr
November 13: Attack on Paris,fr
Marseille,fr
Shafted,fr
Divines,fr
Ad Vitam,fr
Raël: The Alien Prophet,fr
Reign Supreme,fr
The Forest,fr
Making ATHENA,fr
Rhythm + Flow France,fr
Notre-Dame,fr
The Perfect Mother,fr
Lady J,fr
Women at War,fr
Friendzone,fr
The Wolf's Call,fr
Under a Dark Sun,fr
The Swarm,fr
Gone for Good,fr
The Eddy,fr
Bad Seeds,fr
"To Each, Her Own",fr
The Lost Patient,fr
Blood Coast,fr
Standing Up,fr
The Climb,fr
Restless,fr
Sentinelle,fr
Ganglands,fr
Cat & Dog,fr
Family Business,fr
Family Pack: Fireplace,fr
Christmas Flow,fr
Mythomaniac,fr
Thicker Than Water,fr
Dealer,fr
The Outreau Case: A French Nightmare,fr
Tales of Africa,fr
GIMS: On the Record,fr
Last Bullet,fr
GTMAX,fr
My Daughter’s Killer,fr
Vjeran Tomic: The Spider-Man of Paris,fr
Stuck with You,fr
From Rock Star to Killer,fr
AKA,fr
Honeymoon Crasher,fr
Serial (Bad) Weddings 2,fr
The Takedown,fr
"Farewell, Mr. Haffmann",fr
Squad 36,fr
Off the Hook,fr
Rogue City,fr
Lost Bullet,fr
Panayotis Pascot: Almost,fr
"The Billionaire, The Butler, and the Boyfriend",fr
The Wages of Fear,fr
Represent,fr
Dear Mother,fr
In His Shadow,fr
All-Time High,fr
Stuck Together,fr
Girls With Balls,fr
Nailed It! France,fr
Earth and Blood,fr
Paris Is Us,fr
Monique Olivier: Accessory to Evil,fr
The Last Mercenary,fr
Street Flow,fr
The Most Assassinated Woman in the World,fr
Gad Gone Wild,fr
The Price of Success,fr
Lost Bullet 2,fr
Class Act,fr
The Women and the Murderer,fr
Who Killed Little Gregory?,fr
Budapest,fr
Fary: Hexagone,fr
Public Enemy,fr
Johnny Hallyday: Beyond Rock,fr
Until Dawn,fr
The Coyotes,fr
Street Flow 2,fr
Lords of Scam,fr
Dany Boon: Des Hauts De France,fr
Nice Girls,fr
Gold Brick,fr
Anelka: Misunderstood,fr
Fary Is the New Black,fr
The Lockdown Plan,fr
Under Suspicion: Uncovering the Wesphael Case,fr
The Masked Scammer,fr
Kev Adams: The Real Me,fr
Banger,fr
Haroun,fr
One Night in Paris,fr
"Cocaine Air: Smugglers at 30,000 Ft.",fr
Fadily Camara : La plus drôle de tes copines,fr
The Misadventures of Hedi and Cokeman,fr
We Are One,fr
Back to School,fr
Masameer County,ar
AlRawabi School for Girls,ar
"Love Is Blind, Habibi",ar
Dubai Bling,ar
The Matchmaker,ar
Masameer Classics,ar
Jinn,ar
Masameer Junior,ar
From the Ashes,ar
Takki,ar
Masameer - The Movie,ar
Catalog,ar
Farha,ar
Mosul,ar
Honeymoonish,ar
Paranormal,ar
Saudi Pro League: Kickoff,ar
The Exchange,ar
The Sand Castle,ar
Finding Ola,ar
Dollar,ar
Franklin,ar
Echoes of the Past,ar
Till Death,ar
The White Helmets,ar
Basma,ar
Whispers,ar
The Worthy,ar
Crashing Eid,ar
Devil's Advocate,ar
Dreams Drawn by Dust,ar
Hard Broken,ar
The Fastest,ar
Different Experience,ar
"Costa Brava, Lebanon",ar
NAGA,ar
Abla Fahita: Drama Queen,ar
The Crime,ar
The Alleys,ar
Taslim Ahali,ar
The Humans and the Mongoose,ar
Nabil El Gamil Plastic Surgeon,ar
Face to Face,ar
Barakah Meets Barakah,ar
The Cage,ar
My Brother is up on the Tree,ar
My Bride,ar
Marei the Primo,ar
Marry Me Again?,ar
Mousa,ar
Route 10,ar
Bogeyman,ar
Ghodwa,ar
The Master Plan,ar
C-Section,ar
أصحاب ...ولا أعزّ,ar
Head to Head,ar
Adel Karam: Live from Beirut,ar
"Love, Life & Everything in Between",ar
Yesterday After Tomorrow,ar
The Outcasts,ar
It's OK,ar
Mako,ar
11:11,ar
The Deep State,ar
Tahir's House,ar
Alkhallat+,ar
Alhamour H.A.,ar
The Blue Whale,ar
Khawatir,ar
Wizzo School,ar
As Though Nothing Happened,ar
Ashman,ar
Talat Abu Harb 2,ar
The Harouns,ar
Ritsa: Three Colors of Love,ar
Rima,ar
Raven Song,ar
Season 1,ar
Kamla,ar
Blood Line,ar
Sattar - The Return of the Legendary Slap,ar
Leligar,ar
30. March,ar
Uncle Naji 2,ar
Scattered Barriers,ar
Love With Its Details,ar
Amr's in Trouble,ar
Assembly Paper,ar
Abboud at Home,ar
All Eyes on Him,ar
Cactus Flower,ar
My Mom is a Minister,ar
Going to Heaven,ar
One-Punch Man,ja
Alice in Borderland,ja
The Boyfriend,ja
Demon Slayer: Kimetsu no Yaiba,ja
Haikyu!!,ja
ONE PIECE,ja
Naruto,ja
Naruto Shippuden,ja
Hunter X Hunter (2011),ja
Jujutsu Kaisen,ja
Boruto: Naruto Next Generations,ja
The Seven Deadly Sins,ja
Final Draft,ja
The Summer Hikaru Died,ja
DEATH NOTE,ja
DAN DA DAN,ja
The Apothecary Diaries,ja
Perfect Days,ja
Howl’s Moving Castle,ja
Spirited Away,ja
I Cannot Reach You,ja
Twittering Birds Never Fly: The Clouds Gather,ja
Love Deadline,ja
The Fragrant Flower Blooms With Dignity,ja
Fujii Kaze Stadium Live “Feelin' Good”,ja
Jujutsu Kaisen 0: The Movie,ja
Fujii Kaze Love All Serve All Stadium Live,ja
Baki Hanma,ja
Frieren: Beyond Journey's End,ja
My Neighbor Totoro,ja
Grave of the Fireflies,ja
Princess Mononoke,ja
Black Clover,ja
Love Is Blind: Japan,ja
Kiki’s Delivery Service,ja
SPY x FAMILY,ja
Ranma1/2,ja
Love Is A Poison,ja
Glass Heart,ja
Fullmetal Alchemist: Brotherhood,ja
VINLAND SAGA,ja
NANA,ja
Cyberpunk: Edgerunners,ja
Dear Sa-chan,ja
Neon Genesis Evangelion,ja
Monster,ja
Berserk,ja
Dr.STONE,ja
My Hero Academia,ja
JoJo's Bizarre Adventure,ja
Ponyo,ja
BAKI,ja
Akira,ja
SAKAMOTO DAYS,ja
Love Village,ja
Love and Fortune,ja
The Boy and the Heron,ja
Arrietty,ja
Suzume,ja
The Seven Deadly Sins: Four Knights of the Apocalypse,ja
Record of Ragnarok,ja
Offline Love,ja
Cinderella Closet,ja
The Last: Naruto the Movie,ja
Cowboy Bebop,ja
Tougen Anki,ja
Kabaneri of the Iron Fortress: The Battle of Unato,ja
Parasyte: The Maxim,ja
Zom 100: Bucket List of the Dead,ja
Violet Evergarden,ja
Made in Abyss,ja
Fishbowl Wives,ja
One Piece Film Z,ja
Junji Ito Maniac: Japanese Tales of the Macabre,ja
Ripe for the Picking,ja
Magic and Muscles,ja
Is She the Wolf?,ja
Drive My Car,ja
SHAMAN KING,ja
Black Clover: Sword of the Wizard King,ja
Zom 100: Bucket List of the Dead,ja
Baki Hanma VS Kengan Ashura,ja
One Piece Film: Strong World,ja
Chihayafuru: Full Circle,ja
Akame ga Kill!,ja
Learning to Love,ja
Godzilla Minus One,ja
Old Enough!,ja
Rurouni Kenshin,ja
Hell's Paradise: Jigokuraku,ja
Kakegurui,ja
Castle in the Sky,ja
Whisper of the Heart,ja
Pokémon Concierge,ja
One Piece Fan Letter,ja
Yu Yu Hakusho,ja
Naruto the Movie: Ninja Clash in the Land of Snow,ja
Delicious in Dungeon,ja
Love Like a K-Drama,ja
My Melody & Kuromi,ja
Pending Train,ja
Blue Box,ja
Kakegurui,ja
One Piece: Episode of Alabasta,ja
Captain Tsubasa,ja
BEASTARS,ja
InuYasha,ja
The Tale of The Princess Kaguya,ja
Nevertheless : The Shapes of Love,ja
Chiikawa,ja
Re:Mind,ja
Gudetama: An Eggcellent Adventure,ja
He's Expecting,ja
After School Doctor,ja
The Cat Returns,ja
The Pride of the Temp,ja
House of Ninjas,ja
The Seven Deadly Sins the Movie: Prisoners of the Sky,ja
Naruto the Movie 3: Guardians of the Crescent Moon Kingdom,ja
Radiation House,ja
"One Piece: Episode of Chopper: Bloom in the Winter, Miracle Sakura",ja
Mob Psycho 100,ja
Tokyo Swindlers,ja
Orb: On the Movements of the Earth,ja
Golden Kamuy,ja
Monsters 103 Mercies Dragon Damnation,ja
Road To Ninja -Naruto The Movie-,ja
Nausicaä of the Valley of the Wind,ja
My Happy Marriage,ja
First Love,ja
Kuroko's Basketball,ja
2.5 Dimensional Seduction,ja
Kiss or Die,ja
The Disastrous Life of Saiki K.,ja
The End of Evangelion,ja
Call Me Chihiro,ja
Dearest,ja
The 19th Medical Chart,ja
Erased,ja
From Me to You: Kimi ni Todoke,ja
The Wind Rises,ja
Chastity High,ja
WITCH WATCH,ja
Koinaka,ja
Hirugao～Love Affairs in the Afternoon～,ja
【OSHI NO KO】,ja
Terrace House: Opening New Doors,ja
Dragon Ball DAIMA,ja
Detective Conan,ja
Fermat’s Cuisine,ja
A Whisker Away,ja
Sailor Moon Crystal,ja
Porco Rosso,ja
Trillion Game,ja
Why I Dress Up for Love,ja
Midnight Diner: Tokyo Stories,ja
Meet Me After School,ja
Blue Period,ja
Only Yesterday,ja
Cells at Work!,ja
URUSEIYATSURA,ja
Aggretsuko,ja
Boruto: Naruto the Movie,ja
The Eminence in Shadow,ja
Kaiji,ja
Slam Dunk,ja
From Up on Poppy Hill,ja
The Forest of Love: Deep Cut,ja
Hajime no Ippo: The Fighting!,ja
Sailor Moon SuperS,ja
Ultraman,ja
The Makanai: Cooking for the Maiko House,ja
Hayao Miyazaki and the Heron,ja
Drawing Closer,ja
Gurren Lagann,ja
KENGAN ASHURA,ja
I Will Be Your Bloom,ja
Cells At Work!,ja
PLUTO,ja
37 Seconds,ja
JAPAN SINKS: People of Hope,ja
When Marnie Was There,ja
Komi Can't Communicate,ja
Asura,ja
Drifting Home,ja
Golden Kamuy -The Hunt of Prisoners in Hokkaido-,ja
Japan Sinks: 2020,ja
The Seven Deadly Sins: Cursed by Light,ja
Extremely Inappropriate!,ja
Hell for You,ja
THE DAYS,ja
Ghost in the Shell,ja
Good Morning Call,ja
Little Witch Academia,ja
Sanctuary,ja
STAND BY ME Doraemon,ja
An Incurable Case of Love,ja
Monthly Girls' Nozaki Kun,ja
The Black Swindler (2022),ja
LiSA Another Great Day,ja
From Me to You: Kimi ni Todoke,ja
Beyond Goodbye,ja
The Journalist,ja
"BASTARD‼ -Heavy Metal, Dark Fantasy-",ja
maboroshi,ja
Call of the Night,ja
The Parades,ja
The Rose of Versailles,ja
Back Street Girls -GOKUDOLS-,ja
The Door into Summer,ja
Rikuoh,ja
The Grimm Variations,ja
Light of My Lion,ja
Kotaro Lives Alone,ja
Mononoke The Movie: The Phantom in the Rain,ja
99.9 Criminal Lawyer,ja
Ocean Waves,ja
Cells at Work! CODE BLACK,ja
After the Rain,ja
The Reluctant Preacher,ja
Terrace House: Boys & Girls in the City,ja
Naruto Shippuden the Movie: Blood Prison,ja
Ties of Shooting Stars,ja
GAMERA -Rebirth-,ja
Vampire in the Garden,ja
The Rising of the Shield Hero,ja
GODZILLA Planet of the Monsters,ja
Naruto Shippuden: The Movie: The Lost Tower,ja
The Seven Deadly Sins: Grudge of Edinburgh Part 1,ja
Spec～birth,ja
Naruto Shippuden: The Movie,ja
BLAME!,ja
A Family,ja
Switched,ja
Child of Kamiari Month,ja
Teasing Master Takagi-san,ja
JU-ON: Origins,ja
Two Husbands One Wife,ja
MIU404,ja
An Encouragement of Love,ja
Antihero,ja
The Queen of Villains,ja
Her Blue Sky,ja
The Seven Deadly Sins: Grudge of Edinburgh Part 2,ja
Inuyasha: The Final Act,ja
Tokyo Dogs,ja
Romantic Killer,ja
Unnatural,ja
Re/Member,ja
Followers,ja
Words Bubble Up Like Soda Pop,ja
Shinjuku Field Hospital,ja
Food Wars!: Shokugeki no Soma,ja
The Hot Spot,ja
Destiny,ja
My Hero Academia: Heroes Rising,ja
Babanba Banban Vampire,ja
Talentless TAKANO,ja
Demon City,ja
We Couldn't Become Adults,ja
Terrace House: Aloha State,ja
Mononoke,ja
Their Marriage,ja
The Full-Time Wife Escapist,ja
Leviathan,ja
Kingdom,ja
Dorohedoro,ja
Bubble,ja
A.I.C.O.,ja
"LiSA LiVE is Smile Always, Eve&Birth: The Birth at Nippon Budokan",ja
My Love Story!!,ja
Mob Psycho 100,ja
Bullet Train Explosion,ja
Tales from Earthsea,ja
Black Forceps,ja
Love Like the Falling Petals,ja
AJIN: Demi-Human,ja
Onimusha,ja
Terrace House: Tokyo 2019-2020,ja
I Love You Just a Little Bit,ja
Nodame Cantabile,ja
La Grande Maison Tokyo,ja
Bleach,ja
Quartet,ja
Midnight Diner,ja
Samurai Gourmet,ja
Godzilla Singular Point,ja
Jin,ja
Naruto Shippûden the Movie: Bonds,ja
Rurouni Kenshin: Origins,ja
The Forest of Love,ja
Terminator Zero,ja
Run for the Money,ja
Naruto the Movie 2: Legend of the Stone of Gelel,ja
Naruto Shippûden the Movie: The Will of Fire,ja
A Life : A Love,ja
Once Upon a Crime,ja
7SEEDS,ja
Informa,ja
Vivant,ja
Good Luck!!,ja
Blade of the Immortal,ja
KAKEGURUI TWIN,ja
Datsuryoku News Network,ja
Hunter x Hunter: The Last Mission,ja
Ikebukuro West Gate Park,ja
Pararescue Jumper,ja
AARO -All-domain Anomaly Resolution Office-,ja
Rurouni Kenshin: The Beginning,ja
Galileo,ja
BNA,ja
Miss King,ja
Tokyo Override,ja
Is It Wrong to Try to Pick Up Girls in a Dungeon?,ja
Burn the House Down,ja
Yamato nadeshiko,ja
No Game No Life,ja
Tsurune,ja
The Many Faces of Ito,ja
The Could’ve-Gone-All-the-Way Committee,ja
News Anchor,ja
OKURA-Cold Case Investigation,ja
The First Slam Dunk,ja
Who Saw the Peacock Dance in the Jungle?,ja
Why didn’t I tell you a million times?,ja
Great Pretender,ja
B: The Beginning,ja
Flip a Coin -ONE OK ROCK Documentary-,ja
revisions,ja
Godzilla Minus One/Minus Color,ja
MOTHER,ja
Beautiful Life,ja
Forest of Piano,ja
Orange Days,ja
Pretty Guardian Sailor Moon Cosmos The Movie,ja
Onmyoji,ja
HOMUNCULUS,ja
Eden,ja
Rilakkuma and Kaoru,ja
Smoking,ja
My Oni Girl,ja
Dr. Storks,ja
Charlotte,ja
Borderless Ae! group's Debut Journey,ja
The Way of the Househusband,ja
Kingdom2: Far and Away,ja
Earwig and the Witch,ja
STAND BY ME Doraemon 2,ja
Little Miss Sumo,ja
Adventures of the Super Monkey -Journey to the West-,ja
DRAGON QUEST The Adventure of Dai,ja
Ghost in the Shell: SAC_2045,ja
If My Wife Becomes an Elementary School Student.,ja
CAROLE & TUESDAY,ja
timelesz project -AUDITION-,ja
Thus Spoke Kishibe Rohan,ja
Dragon Quest Your Story,ja
Pom Poko,ja
Dragon Sakura S2,ja
Riding a Unicorn,ja
Fullmetal Alchemist The Revenge of Scar,ja
Hi Score Girl,ja
AHIRU NO SORA,ja
Tokyo Love Story,ja
YAIBA: Samurai Legend,ja
Rising Impact,ja
Super Crooks,ja
Mobile Suit Gundam Hathaway,ja
"Welcome, Now Get Lost",ja
Rurouni Kenshin: Kyoto Inferno,ja
GTO: Great Teacher Onizuka,ja
HELL DOGS - IN THE HOUSE OF BAMBOO -,ja
Violet Evergarden the Movie,ja
Ainori Love Wagon: Asian Journey,ja
Altered Carbon: Resleeved,ja
Pretty Guardian Sailor Moon Eternal The Movie,ja
The Black Swindler,ja
Thermae Romae Novae,ja
Kinnikuman Perfect Origin Arc,ja
The Confidence Man JP,ja
Magi,ja
Hunter x Hunter: Phantom Rouge,ja
Hot Gimmick: Girl Meets Boy,ja
Eye Love You,ja
River's Edge,ja
My Housekeeper Nagisa-san,ja
Beach Boys,ja
The Future Diary,ja
The Imaginary,ja
Your lie in April,ja
Yakitori: Soldiers of Misfortune,ja
My Neighbors the Yamadas,ja
Invisible,ja
Atelier,ja
City Hunter,ja
Turn to me Mukai-kun,ja
Fullmetal Alchemist The Final Alchemy,ja
My Daemon,ja
Rurouni Kenshin: The Legend Ends,ja
THE VILLAGE,ja
Violet Evergarden: Eternity and the Auto Memory Doll,ja
Violet Evergarden: Special,ja
EVANGELION: DEATH (TRUE)²,ja
World Trigger,ja
Antarctica,ja
Fate/Apocrypha,ja
ISHIKO and HANEO: You're Suing Me?,ja
GODZILLA City on the Edge of Battle,ja
Let me tell your fortune,ja
Inheritance Detective,ja
Kuroko's Basketball: Last Game,ja
Kingdom: Return of The Great General,ja
Saving My Stupid Youth,ja
SWORDGAI The Animation,ja
Rurouni Kenshin: The Final,ja
Rookies,ja
Dead or Love,ja
The Orbital Children,ja
Modest Heroes: Ponoc Short Films Theatre,ja
Bayside Shakedown,ja
Hard Days,ja
RIDE ON TIME,ja
TIGER & BUNNY,ja
Let's Get Divorced,ja
Garouden: The Way of the Lone Wolf,ja
Kisarazu Cat's Eye,ja
Ouran High School Host Club,ja
THE FABLE: The Killer Who Doesn't Kill,ja
Snow Man 1st Stadium Live Snow World,ja
GODZILLA The Planet Eater,ja
Children of the Whales,ja
Saitama Host Club,ja
LOST SONG,ja
Private Banker,ja
Tiger and Dragon,ja
Faceless,ja
Chi’s Sweet Adventure,ja
Detective Conan: The Culprit Hanzawa,ja
Sirius the Jaeger,ja
ARASHI's Diary -Voyage-,ja
Last One Standing,ja
Flavors of Youth: International Version,ja
Prison Princesses,ja
Mononoke The Movie: Chapter II - The Ashes of Rage,ja
"The Old Dog, New Tricks?",ja
THE FABLE,ja
The Ingenuity of the Househusband,ja
Moonrise,ja
Den-noh Coil,ja
LAST HOPE,ja
Detective Conan: Zero’s Tea Time,ja
Seven Orifices,ja
Ingress: The Animation,ja
Kingdom 3: The Flame of Destiny,ja
Heaven and Hell: Soul Exchange,ja
Uncle from Another World,ja
Akuma Kun,ja
Puniru Is a Cute Slime,ja
Reincarnated as a Sword,ja
Be nice to people,ja
Kantaro: The Sweet Tooth Salaryman,ja
Ghost in the Shell: SAC_2045 Sustainable War,ja
Fate/EXTRA Last Encore,ja
Mogura,ja
HERO MASK,ja
Hibana: Spark,ja
SCAMS,ja
Wasteful Days of High School Girls,ja
DRIFTING DRAGONS,ja
No Side Manager,ja
Cagaster of an Insect Cage,ja
Stepmom and Daughter Blues,ja
Story of My Family!!!,ja
Invisible Us,ja
T・P BON,ja
Lumberjack the Monster,ja
The Family,ja
Ushio & Tora,ja
The Dangers in My Heart,ja
Dino Girl Gauko,ja
SPRIGGAN,ja
"No Game, No Life the Movie: Zero",ja
GOOD NIGHT WORLD,ja
Levius,ja
Dirty Hearts,ja
My Isekai Life: I Gained a Second Character Class and Became the Strongest Sage in the World,ja
DRAGON PILOT: Hisone & Masotan,ja
I'm Quitting Heroing,ja
Talk Queens,ja
NiNoKuni,ja
Is Love Sustainable?,ja
LIGHTHOUSE,ja
Ariyoshi Assists,ja
The Quintessential Quintuplets Movie,ja
Ainori Love Wagon: African Journey,ja
We Are! Let's get the party STARTO!!,ja
The Disastrous Life of Saiki K.: Reawakened,ja
EDENS ZERO,ja
Japan’s Number One Jerk Salaryman,ja
Sadako DX,ja
Bright: Samurai Soul,ja
Dr. Coto's Clinic,ja
Adam by Eve: A live in Animation,ja
The 101st Proposal,ja
Cannon Busters,ja
Golden SixTONES,ja
Public Affairs Office in the Sky,ja
Kuromukuro,ja
MAKE MY DAY,ja
Missing,ja
ID-0,ja
"Sing, Dance, Act: Kabuki featuring Toma Ikuta",ja
Kabuki Akadousuzunosuke,ja
Aggretsuko: We Wish You a Metal Christmas,ja
In Love and Deep Water,ja
Violet Evergarden: Recollections,ja
SHIROBAKO,ja
Shaman King Flowers,ja
Creator's File: GOLD,ja
Gen Hoshino Concert Recollections 2015-2023,ja
Rilakkuma's Theme Park Adventure,ja
Stay Tuned!,ja
Asakusa Kid,ja
11 Rebels,ja
Ultramarine Magmell,ja
Ya Boy Kongming!,ja
Kino's Journey,ja
Sakuna: Of Rice and Ruin,ja
Blazing Transfer Students,ja
The Quintessential Quintuplets,ja
Jimmy: The True Story of a True Idiot,ja
The Violence Action,ja
Southern All Stars Chigasaki Live 2023,ja
aiko Love Like Aloha vol.7,ja
BAD LANDS,ja
BORDERLESS Ae! group's Debut Tour,ja
Flower Shop Without Rose,ja
Takizawa Kabuki ZERO 2020 The Movie,ja
Ya Boy Kongming!,ja
Anpanman: Star-Spirited Dollie,ja
Matsuko in Real Life,ja
"Blue, Painful, Fragile",ja
The Modest Heroes of Studio Ponoc,ja
Anpanman: Apple Boy And Everyone's Hope,ja
"Anpanman: Purun, The Soap Bubble",ja
Anpanman: Adventure of Happie,ja
Anpanman: Twinkle! Princess Vanilla of Ice Cream Land,ja
Anpanman: Shine! Kulun and the Stars of Life,ja
Anpanman: Revive Banana Island!,ja
Anpanman: Nanda and Runda from Star of Toys,ja
Anpanman: The Secret of Fairy Rin-Rin,ja
Anpanman: The Blacknose with Magical Song,ja
Single’s Inferno,ko
"Genie, Make a Wish",ko
Physical: 100,ko
Weak Hero,ko
Better Late Than Single,ko
"Bon Appétit, Your Majesty",ko
Celebrity,ko
Culinary Class Wars,ko
The Devil's Plan,ko
When Life Gives You Tangerines,ko
Squid Game,ko
Love Untangled,ko
True Beauty,ko
All of Us Are Dead,ko
Sweet Home,ko
Beyond the Bar,ko
The Glory,ko
Bloodhounds,ko
Crash Landing on You,ko
Alchemy of Souls,ko
My Name,ko
Weightlifting Fairy Kim Bok Joo,ko
BTS - Bring the Soul: The Movie,ko
Lost in Starlight,ko
Friendly Rivalry,ko
The Influencer,ko
King the Land,ko
Risqué Business: The Netherlands and Germany,ko
You and Everything Else,ko
Nineteen to Twenty,ko
Business Proposal,ko
Hellbound,ko
Mantis,ko
The 8 Show,ko
I'm not a robot,ko
Mask Girl,ko
Queen Mantis,ko
Siren: Survive the Island,ko
My Demon,ko
Kingdom,ko
Trigger,ko
The Uncanny Counter,ko
Extraordinary Attorney Woo,ko
Love Next Door,ko
Queen of Tears,ko
Crime Scene Zero,ko
When the Phone Rings,ko
#Alive,ko
Hierarchy,ko
A Killer Paradox,ko
Extracurricular,ko
Itaewon Class,ko
A Nation of Tteok,ko
Parasyte: The Grey,ko
The Silent Sea,ko
Lookism,ko
It's Okay to Not Be Okay,ko
Sisyphus,ko
Train to Busan,ko
Zombieverse,ko
Kian’s Bizarre B&B,ko
Flower of Evil,ko
A Time Called You,ko
Somebody,ko
Mr. Queen,ko
Vincenzo,ko
Twenty Five Twenty One,ko
Happiness,ko
Forgotten,ko
Daily Dose of Sunshine,ko
The Trauma Code: Heroes on Call,ko
Risqué Business: Japan,ko
The Penthouse: War in Life,ko
See You in My 19th Life,ko
Gyeongseong Creature,ko
Doona!,ko
Love and Leashes,ko
Aema,ko
Iris,ko
Mercy For None,ko
Agents of Mystery,ko
"Nevertheless,",ko
The King: Eternal Monarch,ko
A Love So Beautiful,ko
Love After Divorce,ko
Tale of the Nine Tailed,ko
Karma,ko
Thirty-Nine,ko
Doom at Your Service,ko
The Trunk,ko
Fight for My Way,ko
Reply 1988,ko
Tomorrow,ko
The King's Affection,ko
Bitch and Rich,ko
The Atypical Family,ko
Our Unwritten Seoul,ko
Eve,ko
Boys Over Flowers,ko
Black Knight,ko
Mr. Sunshine,ko
Little Women,ko
20th Century Girl,ko
D.P.,ko
Something in the Rain,ko
Kill Boksoon,ko
Unlocked,ko
Mr. Plankton,ko
Tastefully Yours,ko
Rugal,ko
Dear Hongrang,ko
Doubt,ko
Ballerina,ko
My ID is Gangnam Beauty,ko
Doctor Slump,ko
Risqué Business: Taiwan,ko
Destined with You,ko
Bulgasal: Immortal Souls,ko
Along with the Gods: The Two Worlds,ko
Signal,ko
Move to Heaven,ko
Suspicious Partner,ko
Start-Up,ko
SKY Castle,ko
Hometown Cha-Cha-Cha,ko
Silenced,ko
My Mister,ko
Our Beloved Summer,ko
Hotel Del Luna,ko
Inheritors,ko
Love Alarm,ko
Money Heist: Korea - Joint Economic Area,ko
The Frog,ko
Juvenile Justice,ko
Heavenly Ever After,ko
Resident Playbook,ko
Crash Course in Romance,ko
Coffee Prince,ko
Healer,ko
Melo Movie,ko
The Sound of Magic,ko
The Good Bad Mother,ko
The Call,ko
Uprising,ko
Lovestruck in the City,ko
Reunited Worlds,ko
Memories of the Alhambra,ko
Dr. Romantic,ko
Doctor Stranger,ko
Stranger,ko
Bad And Crazy,ko
Sweet & Sour,ko
Connection,ko
Vagabond,ko
High Society,ko
Hospital Playlist,ko
Summer Strike,ko
My Name Is Loh Kiwan,ko
The Potato Lab,ko
Abyss,ko
Record of Youth,ko
Doctors,ko
The Empress Ki,ko
Arthdal Chronicles,ko
One Spring Night,ko
A Korean Odyssey,ko
Beyond Evil,ko
Romance Is a Bonus Book,ko
비상선언,ko
Wonderland,ko
Busted!,ko
The Winning Try,ko
She was pretty,ko
Goodbye Earth,ko
Are You Human,ko
"Hello, My Twenties!",ko
Who Are You: School 2015,ko
Because This Is My First Life,ko
Miss Night and Day,ko
Rugged Rugby: Conquer or Die,ko
Beauty Inside,ko
Moment of Eighteen,ko
Her Private Life,ko
Run On,ko
Ghost Doctor,ko
Space Sweepers,ko
K-foodie meets J-foodie,ko
Designated Survivor: 60 Days,ko
Military Prosecutor Doberman,ko
Hwarang,ko
Wall to Wall,ko
Law School,ko
Persona: Sulli,ko
Our Blues,ko
"Hi Bye, Mama!",ko
Tune in for Love,ko
Hot Stove League,ko
Badland Hunters,ko
Marriage Contract,ko
Doctor John,ko
Glitch,ko
Officer Black Belt,ko
Remarriage & Desires,ko
You are Beautiful,ko
Cinderella and the Four Knights,ko
In the Name of God: A Holy Betrayal,ko
The Fiery Priest,ko
Love to Hate You,ko
Cyber Hell: Exposing an Internet Horror,ko
Goedam,ko
The Tale of Lady Ok,ko
My Holo Love,ko
Navillera,ko
Blood,ko
The Girl Who Sees Scents,ko
Doctor Cha,ko
My Liberation Notes,ko
My First First Love,ko
Misaeng: Incomplete Life,ko
The Echoes of Survivors: Inside Korea’s Tragedies,ko
When the Stars Gossip,ko
Strong Girl Nam-soon,ko
Fated to Love You,ko
Oh My Venus,ko
The Moon Embracing the Sun,ko
VIP,ko
Pinocchio,ko
The Real Has Come!,ko
Racket Boys,ko
The Secret Life of My Secretary,ko
So Not Worth It,ko
Nothing Uncovered,ko
Couple on the Backtrack,ko
Secret Garden,ko
The Interest of Love,ko
Welcome to Samdal-ri,ko
Forecasting Love and Weather,ko
Love in the Moonlight,ko
Along with the Gods: The Last 49 Days,ko
Svaha: The Sixth Finger,ko
Inspector Koo,ko
Once Upon a Small Town,ko
JUNG_E,ko
I Hear Your Voice,ko
Narco-Saints,ko
Unlock My Boss,ko
When the Weather Is Fine,ko
Life,ko
The Bequeathed,ko
Café Minamdang,ko
"That Winter, the Wind Blows",ko
Welcome to Waikiki,ko
Castaway Diva,ko
Captivating the King,ko
My Country: The New Age,ko
Mine,ko
Doctor Prisoner,ko
Super Rich in Korea,ko
Angel's Last Mission: Love,ko
Man to Man,ko
Like Flowers in Sand,ko
Birth of a Beauty,ko
Young Lady and Gentleman,ko
Romance in the House,ko
The Fortress,ko
Persona,ko
Nice Guy,ko
Behind Your Touch,ko
Kingdom: Ashin of the North,ko
Yong Pal,ko
The Fabulous,ko
Partners for Justice,ko
Prison Playbook,ko
Rain or Shine,ko
Rookie Historian Goo Hae-Ryung,ko
Dali & Cocky Prince,ko
Dream High,ko
Still 17,ko
Love (ft. Marriage and Divorce),ko
Under the Queen's Umbrella,ko
The Light in Your Eyes,ko
Full House,ko
Iron Family,ko
Revelations,ko
Chicken Nugget,ko
My Girlfriend Is a Gumiho,ko
Clean With Passion For Now,ko
Part-Time Idol,ko
The Good Detective,ko
Mad for Each Other,ko
The Match,ko
Don't Dare to Dream,ko
Be Melodramatic,ko
Bogotá: City of the Lost,ko
Chocolate,ko
Squid Game in Conversation,ko
The 8th Night,ko
Melancholia,ko
Beautiful Gong Shim,ko
Rooftop Prince,ko
A Virtuous Business,ko
Do Do Sol Sol La La Sol,ko
A Model Family,ko
Trolley,ko
Good Doctor,ko
Revenger,ko
100 Days My Prince,ko
The Last Empress,ko
The Raincoat Killer: Chasing a Predator in Korea,ko
Queenmaker,ko
Agency,ko
Squid Game: Making Season 2,ko
Pandora,ko
King of Clones,ko
Night in Paradise,ko
Dream High 2,ko
Song of the Bandits,ko
The School Nurse Files,ko
Yaksha: Ruthless Operations,ko
Reflection of You,ko
Wok of Love,ko
Oh My Ghost Clients,ko
Chief of Staff,ko
Chef & My Fridge,ko
"Hyde, Jekyll, Me",ko
Carter,ko
Psychokinesis,ko
Welcome to Wedding Hell,ko
When the Camellia Blooms,ko
Hyena,ko
Time to Hunt,ko
My Golden Life,ko
Would You Like a Cup of Coffee?,ko
Divorce Attorney Shin,ko
Beauty and Mr. Romantic,ko
Misty,ko
The Master's Sun,ko
The Pirates: The Last Royal Treasure,ko
My Sassy Girl,ko
Lucid Dream,ko
"Hello, Me!",ko
Flower Crew: Joseon Marriage Agency,ko
Believer 2,ko
A-List to Playlist,ko
Miraculous Brothers,ko
Korea No.1,ko
Missing: The Other Side,ko
Pasta,ko
Believer,ko
Men on a Mission,ko
The Third Charm,ko
Tayo The Little Bus,ko
The Wind Blows,ko
You Are My Spring,ko
Twogether,ko
K for Kimbap,ko
New World,ko
My Only Love Song,ko
The Whirlwind,ko
Secret Royal Inspector & Joy,ko
Green Mothers' Club,ko
Seoul Vibe,ko
A Nation of Broth,ko
Brain Works,ko
Dream,ko
YG Future Strategy Office,ko
Frankly Speaking,ko
The Lady in Dignity,ko
Comedy Royale,ko
Knight Flower,ko
"Poong, the Joseon Psychiatrist",ko
My Runway,ko
Diary of a Prosecutor,ko
Possessed,ko
Miss Granny,ko
Sell Your Haunted House,ko
Korean Fried Chicken Rhapsody,ko
The Lies Within,ko
White Nights,ko
The Drug King,ko
Steel Rain,ko
A Nation of Kimchi,ko
The Sound of Your Heart,ko
Welcome to Waikiki 2,ko
Yellow Door: '90s Lo-fi Film Club,ko
Catch! Teenieping,ko
Mystic Pop-up Bar,ko
Was It Love?,ko
Matrimonial Chaos,ko
The Producers,ko
Comedy Revenge,ko
Bebefinn Dance Time,ko
The Chase,ko
Mission: Cross,ko
Hometown,ko
The Gentlemen's League,ko
Homemade Love Story,ko
Pinkfong & Baby Shark's Space Adventure,ko
One More Time,ko
A Nation of Banchan,ko
Closet Battle,ko
Take 1,ko
Jjajangmyeon Rhapsody,ko
A Clean Sweep,ko
Pinkfong Little Dino School,ko
The Hungry and the Hairy,ko
Mindfulness Manual,ko
The Blank Menu for You,ko
Legal High,ko
Strongest Deliveryman,ko
Getaway and Go with Jangdobari,ko
Behind Every Star,ko
Paik's Spirit,ko
Screwballs,ko
Korean Cold Noodle Rhapsody,ko
Hanwoo Rhapsody,ko
Private Lives,ko
The Bros,ko
Korean Pork Belly Rhapsody,ko
Park Na-rae: Glamour Warning,ko
Tobot Galaxy Detectives,ko
Titipo Titipo,ko
Soju Rhapsody,ko
Revolutionary Sisters,ko
Secret Jouju,ko
Pororo & Fairy Tales,ko
Newbie in the club,ko
Yoo Byung Jae: Discomfort Zone,ko
Robocar POLI Special: The Story of the Desert Rescue,ko
Pinkfong & Hogi Mini-Movie: The Tricky Three Cars,ko
Try? Choo-ry!,ko
Celeb Five: Behind the Curtain,ko
The Sound of Your Heart: Reboot,ko
Kongsuni and Friends,ko
What Happened to Mr. Cha?,ko
Wassup Man GO!,ko
Secret Jouju: Guardians of Star,ko
Robocar POLI Safety Series,ko
Pinkfong Sing-Along Movie 3: Catch the Gingerbread Man,ko
Lee Su-geun: The Sense Coach,ko
The Reservoir Game,ko
Kurukshetra: The Great War of Mahabharata,hi
Mismatched,hi
Aranyak,hi
The Railway Men - The Untold Story Of Bhopal 1984,hi
Cobalt Blue,hi
Emergency,hi
Social Currency,hi
Class,hi
War 2,hi
Mahavatar Narsimha,hi
Saiyaara,hi
Gangubai Kathiawadi,hi
The Ba***ds of Bollywood,hi
She,hi
Heeramandi: The Diamond Bazaar,hi
Saaho,hi
The Great Indian Kapil Show,hi
Leila,hi
Kabhi Khushi Kabhie Gham,hi
Lust Stories,hi
Anuja,hi
Mandala Murders,hi
Rana Naidu,hi
Animal,hi
Darlings,hi
Delhi Crime,hi
Mai: A Mother's Rage,hi
Adipurush,hi
PK,hi
CTRL,hi
The Royals,hi
al,hi
Tribhuvan Mishra CA Topper,hi
C.I.D,hi
Sacred Games,hi
Jawan: Extended Cut,hi
Sikandar,hi
Laapataa Ladies,hi
Jaat,hi
House of Secrets: The Burari Deaths,hi
Dabba Cartel,hi
Badhaai Do,hi
Chhaava,hi
Sector 36,hi
Period. End of Sentence.,hi
Fighter,hi
Raid 2,hi
Lust Stories 2,hi
Bulbbul,hi
Yeh Kaali Kaali Ankhein,hi
Crew,hi
Yeh Ballet,hi
Jaoon Kahan Bata Ae Dil,hi
Yeh Jawaani Hai Deewani,hi
Maa,hi
GHOUL,hi
Jaane Jaan,hi
Kuch Kuch Hota Hai,hi
Maharaj,hi
12th Fail,hi
IC 814: The Kandahar Hijack,hi
Bade Miyan Chote Miyan,hi
Malang,hi
Bombay Begums,hi
Nadaaniyan,hi
Game Over (Hindi Version),hi
Jamtara - Sabka Number Ayega,hi
Little Things,hi
Black Warrant,hi
Bard of Blood,hi
Kaala Paani,hi
Taj Mahal 1989,hi
Kal Ho Naa Ho,hi
Raees,hi
Happy New Year,hi
Inspector Zende,hi
Dhadak 2,hi
Student of the Year,hi
Karthik Calling Karthik,hi
Haseen Dillruba,hi
The Fame Game,hi
Mimi,hi
Kabhi Alvida Naa Kehna,hi
Panipat - The Great Betrayal,hi
Ghost Stories,hi
Dear Zindagi,hi
Chandigarh Kare Aashiqui,hi
Kota Factory,hi
Badla,hi
The Buckingham Murders,hi
Selection Day,hi
Jigra,hi
Do Patti,hi
Typewriter,hi
Sooryavanshi,hi
Om Shanti Om,hi
Agneepath (2012),hi
Shaitaan,hi
The Diplomat,hi
Asoka,hi
Talaash,hi
Bajrangi Bhaijaan,hi
Khakee: The Bihar Chapter,hi
OK Jaanu,hi
Mrs. Chatterjee vs Norway,hi
Dilwale,hi
Tooth Pari: When Love Bites,hi
Ladies First,hi
Zindagi Na Milegi Dobara,hi
Bhakshak,hi
Paheli,hi
Kapoor & Sons,hi
Mili,hi
83,hi
Gunjan Saxena: The Kargil Girl,hi
Tehran,hi
Mission Majnu,hi
Masaba Masaba,hi
Son of Sardaar 2,hi
Don,hi
Killer Soup,hi
The Girl on the Train,hi
Amar Singh Chamkila,hi
Maamla Legal Hai,hi
Mrs. Serial Killer,hi
Phir Aayi Hasseen Dillruba,hi
Udta Punjab,hi
Force 2,hi
Saare Jahan Se Accha: The Silent Guardians,hi
Trial by Fire,hi
Tu Jhoothi Main Makkaar,hi
Dunki,hi
Drive,hi
Deva,hi
Don 2,hi
Ray,hi
The Sky Is Pink,hi
Bombay Rose,hi
Dil Chahta Hai,hi
To Kill a Tiger,hi
Ajeeb Daastaans,hi
Jewel Thief - The Heist Begins,hi
Dhoom Dhaam,hi
Guns & Gulaabs,hi
Scoop,hi
Main Hoon Na,hi
Hasee Toh Phasee,hi
Shaandaar,hi
Kathal - A Jackfruit Mystery,hi
Radhe Shyam (Hindi),hi
Indian Predator: The Diary of a Serial Killer,hi
Jab Harry Met Sejal,hi
Srikanth,hi
The Roshans,hi
Tribhanga - Tedhi Medhi Crazy,hi
Thalaivii,hi
Indian Predator: The Butcher of Delhi,hi
The Archies,hi
Raat Akeli Hai,hi
Metro... In Dino,hi
Meenakshi Sundareshwar,hi
Ittefaq,hi
Bhool Bhulaiyaa 2,hi
Qala,hi
Khakee: The Bengal Chapter,hi
Aap Jaisa Koi,hi
Bhool Bhulaiyaa,hi
Ek Ladki Ko Dekha Toh Aisa Laga,hi
Laal Singh Chaddha,hi
Dil Dhadakne Do,hi
Feels Like Ishq,hi
Black,hi
Yo Yo Honey Singh: Famous,hi
HIT: The First Case,hi
Ulajh,hi
Comedy Premium League,hi
Choona,hi
Ae Dil Hai Mushkil,hi
OMG 2,hi
Pagglait,hi
"Crime Patrol: 26 Jurm, 26 Cases",hi
Humpty Sharma Ki Dulhania,hi
Article 15,hi
Bhool Bhulaiyaa 3,hi
Gumraah,hi
Luck by Chance,hi
Love Aaj Kal,hi
Kaali Khuhi,hi
Student of the Year 2,hi
Kho Gaye Hum Kahan,hi
Choked: Paisa Bolta Hai,hi
Shehzada,hi
Guru,hi
Khufiya,hi
Rock On!!,hi
Major (Hindi),hi
Shabaash Mithu (Hindi),hi
Sanju,hi
Double XL,hi
Dostana,hi
Phir Bhi Dil Hai Hindustani,hi
Upstarts,hi
Fukrey,hi
Ek Villain Returns,hi
Dil Se,hi
Best of The Great Indian Kapil Show,hi
Guilty,hi
Three of Us,hi
Life in a ... Metro,hi
Ludo,hi
Article 370,hi
Mard Ko Dard Nahi Hota,hi
Plan A Plan B,hi
Swades,hi
Chor Nikal Ke Bhaga,hi
Billu,hi
Crime Patrol: City Crimes,hi
An Action Hero,hi
Jersey,hi
Veere Di Wedding,hi
Dream Girl 2,hi
Alma Matters,hi
Faraaz,hi
Brothers,hi
Looop Lapeta,hi
Doctor G,hi
99 Songs,hi
Gori Tere Pyaar Mein,hi
Mr. & Mrs. Mahi,hi
Lakshya,hi
Laila Majnu,hi
Sikandar Ka Muqaddar,hi
Soni,hi
Roohi,hi
Khel Khel Mein,hi
Murder Mubarak,hi
Soorma,hi
Tara VS. Bilal,hi
Azaad,hi
Savi,hi
Ankahi Kahaniya,hi
"Monica, O My Darling",hi
Vicky Vidya ka Woh Wala Video,hi
Serious Men,hi
Chalte Chalte,hi
Vijay 69,hi
Class of '83,hi
Love Per Square Foot,hi
One 2 Ka 4,hi
Thai Massage,hi
Hasmukh,hi
Luka Chuppi,hi
Dobaaraa,hi
Vadh,hi
Goodbye,hi
Made in China,hi
Thar,hi
Kick,hi
Dolly Kitty Aur Woh Chamakte Sitare,hi
Duplicate,hi
Mission Raniganj: The Great Bharat Rescue,hi
Codename: Tiranga,hi
Kuttey,hi
Kapil Sharma: I'm Not Done Yet,hi
Call My Agent Bollywood,hi
All India Rank,hi
Ginny Weds Sunny,hi
Jogi,hi
Badrinath Ki Dulhania,hi
Deception - Round D Corner,hi
Sukhee,hi
Ram-Jaane,hi
Chopsticks,hi
Dhak Dhak,hi
Merry Christmas (Hindi),hi
Jaadugar,hi
Gumrah,hi
Dhamaka,hi
Kaal,hi
Agneepath,hi
Zero,hi
Loveyatri: A Journey of Love,hi
Milestone,hi
Chhota Bheem aur Krishna,hi
Notebook,hi
Game,hi
Chhota Bheem: The Rise of Kirmada,hi
Wild Wild Punjab,hi
Bhaag Beanie Bhaag,hi
Sajini Shinde Ka Viral Video,hi
Chhota Bheem: Journey to Petra,hi
LSD 2: Love Sex aur Dhokha 2,hi
Indoo Ki Jawani,hi
Bhangra Paa Le,hi
Dabangg 3,hi
Thank You for Coming,hi
Chhota Bheem Kirmada,hi
Torbaaz,hi
Race 3,hi
"Krish, Trish & Baltiboy Bharat Hain Hum",hi
Chaahat,hi
Toolsidas Junior,hi
Anek,hi
Friday Night Plan,hi
Pyaar Ka Punchnama,hi
The Ghazi Attack,hi
Boomika (Hindi),hi
House Arrest,hi
Dange,hi
Honeymoon Travels Pvt. Ltd.,hi
Kabhi Haan Kabhi Naa,hi
Music Teacher,hi
Dostana (1980),hi
Mighty Raju,hi
Lava Ka Dhaava,hi
Sardar Ka Grandson,hi
Tuesdays & Fridays,hi
Starfish,hi
Chhota Bheem Damyan,hi
Afwaah,hi
Hero,hi
Time to Dance,hi
Maya Memsaab,hi
Chhota Bheem Magic Block Buster,hi
AK vs AK,hi
Tubelight,hi
Yuva,hi
Dasvi,hi
Oh Darling Yeh Hai India,hi
Motu Patlu: Khazaane Ki Race,hi
Foot Fairy (Hindi),hi
Chamatkar,hi
Sherdil: The Pilibhit Saga,hi
Chhota Bheem - Neeli Pahaadi,hi
Chhota Bheem,hi
Chhota Bheem: Master of Shaolin,hi
Chhota Bheem & Krishna: Pataliputra- City of the Dead,hi
Alibaba Aur 40 Chor,hi
Chhota Bheem aur Krishna vs Zimbara,hi
Chhota Bheem: Dholakpur to Kathmandu,hi
Chota Bheem Zuhu Ka Zalzala,hi
Jai Ho,hi
Mister Mummy,hi
Jai Mummy Di,hi
Chhota Bheem And The Broken Amulet,hi
Cirkus,hi
Motu Patlu: Kung Fu Kings,hi
Bangistan,hi
Chhota Bheem - Dinosaur World,hi
Chhota Bheem aur Gadadhari Bheem,hi
Har Kisse Ke Hisse: Kaamyaab,hi
Amit Tandon: Family Tandoncies,hi
Operation Romeo,hi
Chhota Bheem in African Safari,hi
Ungli,hi
Eeb Allay Ooo!,hi
Professor,hi
Bheed,hi
Chhota Bheem & Krishna: Mayanagari,hi
Chhota Bheem and the Incan Adventure,hi
Nikamma,hi
Almost Pyaar With DJ Mohabbat,hi
Hurdang,hi
Bharat,hi
Maska,hi
Duniya,hi
Chhota Bheem Aur Ganesh In The Amazing Odyssey,hi
Rajma Chawal,hi
Chhota Bheem Rangda,hi
Brij Mohan Amar Rahe,hi
Ram Prasad Ki Tehrvi,hi
Amrapali,hi
Madam Chief Minister,hi
Chhota Bheem Shakti Astra ki Khoj,hi
Chhota Bheem Mahashaitaan Ka Mahayudh,hi
Operation Mayfair,hi
Manoranjan,hi
Chhota Bheem Aur Hanuman,hi
Prince,hi
Shastry Virudh Shastry,hi
English Babu Desi Mem,hi
Chhota Bheem Ka Roosi Romanch,hi
Chhota Bheem Yamlok Ki Khoj,hi
Chhota Bheem And The Crown of Valhalla,hi
Sohni Mahiwal,hi
Elaan,hi
Aashik Awara,hi
Chhota Bheem: Dus Pe Dus,hi
Chhota Bheem and The ShiNobi Secret,hi
Chhota Bheem: Bheem vs Aliens,hi
Aakhri Adaalat,hi
Lal Patthar,hi
Chhota Bheem Adventure of Persia,hi
What Are the Odds?,hi
Nazar Andaaz,hi
Pyar Ke Do Pal,hi
Jaal,hi
Muqaddar ka Faisla,hi
Khoon Khoon,hi
Bandie,hi
Ek Jaan Hain Hum,hi
Mujrim,hi
Salaakhen,hi
Qila,hi
Yaar Gaddar,hi
Shikari,hi
A Balloon's Landing,zh
Your Name Engraved Herein,zh
The Untamed,zh
The Resurrected,zh
New Gods: Nezha Reborn,zh
J-Style Trip,zh
Big Fish & Begonia,zh
The Story of Pearl Girl,zh
The Double,zh
Let's Talk About CHU,zh
Mobius,zh
The Wandering Earth,zh
Love Between Fairy and Devil,zh
Dear Ex,zh
The First Frost,zh
Marry My Dead Body,zh
Hidden Love,zh
Incantation,zh
Shards of Her,zh
Our Generation,zh
Forget You Not,zh
When I Fly Towards You,zh
On Children,zh
Eternal Summer,zh
At the Moment,zh
Kill Me Love Me,zh
Us and Them,zh
The Victims' Game,zh
The Princess Royal,zh
Green Snake,zh
Wave Makers,zh
The Rational Life,zh
I Am Married...But!,zh
Futmalls.com,zh
Perfect Match,zh
18×2 Beyond Youthful Days,zh
More than Blue: The Series,zh
Girl's Revenge,zh
Light the Night,zh
The King's Avatar,zh
Organ Child,zh
Triad Princess,zh
Everyone Loves Me,zh
Nowhere Man,zh
Love Game in Eastern Fantasy,zh
Til Death Do Us Part,zh
Lovesick,zh
Love O2O,zh
The Devil Punisher,zh
"The Pig, the Snake and the Pigeon",zh
Find Yourself,zh
I Am the Secret in Your Heart,zh
Eternal Love,zh
Ski into Love,zh
Suffocating Love,zh
Black & White,zh
GG Precinct,zh
The Yin Yang Master,zh
A Sun,zh
Dead Talents Society,zh
Detention,zh
Lost in Perfection,zh
Upcoming Summer,zh
Born for the Spotlight,zh
The Soul,zh
Put Your Head on My Shoulder,zh
Abang Adik,zh
The Longest Promise,zh
Judge Dee's Mystery,zh
Copycat Killer,zh
Bad Education: Directors Cut,zh
Scissor Seven,zh
Yanxi Palace: Princess Adventures,zh
The Fierce Wife,zh
Gatao - The Last Stray,zh
Word of Honor,zh
Flavorful Origins,zh
Double World,zh
Falling Into Your Smile,zh
A Thousand Goodnights,zh
The Princess Weiyoung,zh
Amidst a Snowstorm of Love,zh
The Bridge Curse: Ritual,zh
A Taiwanese Tale of Two Cities,zh
Who Rules the World,zh
Love O2O,zh
Hospital,zh
The Abandoned,zh
The Yin-Yang Master: Dream Of Eternity,zh
Eye of the Storm,zh
Sky Ladder: The Art of Cai Guo-Qiang,zh
Super Me,zh
The Bridge Curse,zh
The Perfect Match,zh
My Sunshine,zh
A Boy Name Flora A,zh
Cities of Last Things,zh
The Ghost Bride,zh
No Regrets in Life,zh
Secrets in the Hot Spring,zh
The Post-Truth World,zh
A Love So Beautiful,zh
You're My Destiny,zh
Miss Shampoo,zh
Breaking and Re-entering,zh
GATAO: Like Father Like Son,zh
Starlight BnB,zh
The Falls,zh
"Mom, Don't Do That!",zh
Light the Wild,zh
Autumn's Concerto,zh
Candy Online,zh
Pegasus,zh
Office Girls,zh
No Doubt in Us,zh
The 9th Precinct,zh
Use For My Talent,zh
American Girl,zh
Boss & Me,zh
Qi Refining for 3000 Years,zh
God Troubles Me,zh
Two Fathers,zh
I missed you: Director's Cut,zh
What She Put on the Table,zh
A Land Imagined,zh
Reclaim,zh
All About Love,zh
Green Door,zh
My Wiggly Friend,zh
The Rope Curse 3,zh
Hello Ghost,zh
The Rope Curse 2,zh
The Hot Life,zh
Perfect Match: A Trip of Friendship,zh
A Choo,zh
Dear David,id
The 3rd Eye,id
Dendam Malam Kelam,id
Joko Anwar's Nightmares and Daydreams,id
Headshot,id
The Night Comes for Us,id
The Most Beautiful Girl in the World,id
The Shadow Strays,id
Promised Hearts,id
A Brother and 7 Siblings,id
Grave Torture,id
A Normal Woman,id
Ratu Ratu Queens: The Series,id
Photocopier,id
Rumah Untuk Alie,id
Jakarta vs Everybody,id
Cigarette Girl,id
Sumala,id
Agak Laen,id
May the Devil Take You,id
Sabrina,id
Goodbye Farewell,id
A Business Proposal,id
Losmen Bu Broto: The Series,id
June & Kopi,id
"Ice Cold: Murder, Coffee and Jessica Wongso",id
A World Without,id
2nd Miracle in Cell No. 7,id
Bolehkah Sekali Saja Kumenangis,id
24 Hours with Gaspar,id
Monster,id
Geez & Ann,id
Dilan 1983,id
Kang Mak from Pee Mak,id
Ben & Jody,id
Broken Wings,id
"The Haunted Apartment ""Miss K""",id
Borderless Fog,id
Home Sweet Loan,id
Qorin,id
The Big 4,id
Suzzanna: Kliwon Friday Night,id
Mungkin Esok Lusa Atau Nanti,id
Susuk,id
Check The Store Next Door: The Next Chapter,id
Temurun,id
Do You See What I See,id
Air Mata di Ujung Sajadah,id
Ali & Ratu Ratu Queens,id
Love Like the Falling Rain,id
Guna Guna Istri Muda,id
Curse of the Seven Seas,id
Satria Dewa: Gatotkaca,id
Kaka Boss,id
A Perfect Fit,id
Comedy Chaos,id
Kuyang,id
Siksa Neraka,id
The Doll 3,id
Falling In Love Like In Movies,id
The Haunted Hotel,id
Primbon,id
One Night Stand,id
Suzzanna: Buried Alive,id
Pintu-Pintu Surga,id
Quarantine Tales,id
Too Handsome to Handle,id
#OOTD: Outfit of the Designer,id
Indigo,id
Missing Home,id
The Womb,id
Plastic Island,id
Wanita Ahli Neraka,id
Ali Topan,id
Eggnoid: Love & Time Portal,id
Kromoleo,id
Pasutri Gaje,id
Today We'll Talk About That Day,id
13 Bombs,id
Cemara's Family,id
Love Unlike In K-Dramas,id
Buya Hamka Vol. 1,id
"Vengeance Is Mine, All Others Pay Cash",id
Stealing Raden Saleh,id
Mariposa,id
Layla Majnun,id
Tersanjung the Movie,id
Janji Darah,id
The 3rd Eye 2,id
Trinil,id
Rumah Masa Depan,id
Hello Ghost,id
Aku Jati Aku Asperger,id
Heartbeat,id
Story of Dinda: Second Chance of Happiness,id
Bayi Ajaib,id
Romantic Problematic,id
27 Steps of May,id
Possession: Kerasukan,id
Harta Tahta Raisa,id
Posesif,id
Heartbreak Motel,id
Ex-Addicts Club,id
Jurnal Risa by Risa Saraswati,id
Ketika Berhenti di Sini,id
Story of Kale: When Someone's in Love,id
Aruna & Her Palate,id
100% Halal,id
Crazy Awesome Teachers,id
A Long Way to Come Home,id
One Day We'll Talk About Today,id
The Redemption of Sin,id
Titip Surat Untuk Tuhan,id
Hamka & Siti Raham Vol. 2,id
Para Betina Pengikut Iblis,id
Mantra Surugana,id
Andragogy,id
The Wedding Shaman,id
Tarung Sarung,id
Dance Queen,id
Cemara's Family 2,id
Arini by Love.inc,id
Wave of Cinema: Surat dari Timur,id
Para Betina Pengikut Iblis Part 2,id
Wave of Cinema: 90's Generation,id
Wave of Cinema: One Day We'll Talk About Today,id
Tanda Tanya,id
Wave of Cinema: Filosofi Kopi,id
Why Do You Love Me,id
Guide to Prepare for Separation,id
Fireworks,id
Spirited,id
Whipped,id
Bridezilla,id
Generasi 90an: Melankolia,id
Aum!,id
Too Hot to Handle: Italy,it
Nuovo Olimpo,it
RIV4LRIES,it
Baby,it
Supersex,it
The Tearsmith,it
Beautiful Rebel,it
DI4RIES,it
The Sea Beyond,it
Tear Along the Dotted Line,it
The Catholic School,it
The Lying Life of Adults,it
Adoration,it
The Leopard,it
The Law According to Lidia Poët,it
"Devotion, a Story of Love and Desire",it
Luna Nera,it
The Invisible Thread,it
Deceitful Love,it
Real Men,it
This World Can't Tear Me Down,it
The Hand of God,it
A Classic Horror Story,it
Curon,it
The Life You Wanted,it
Generation 56k,it
The Children's Train,it
An Astrological Guide for Broken Hearts,it
Don't Kill Me,it
Rhythm + Flow Italy,it
Summertime,it
Under the Riccione Sun,it
My Name Is Vendetta,it
Out of my league,it
Summer Job,it
My Family,it
The Clandestine,it
Happy as Lazzaro,it
Framed! A Sicilian Murder Mystery,it
Vatican Girl: The Disappearance of Emanuela Orlandi,it
Sara - Woman in the Shadows,it
Public Disorder,it
18 Presents,it
Ultras,it
The Hand of God: Through the Eyes of Sorrentino,it
Luna Park,it
Zero,it
Jumping from High Places,it
The Trial,it
Slam,it
The Players,it
Baggio: The Divine Ponytail,it
The App,it
Rose Island,it
Yara,it
Suburra: Blood on Rome,it
Making The Leopard,it
Brigands: The Quest for Gold,it
The Life Ahead,it
Forever Out of My League,it
Still Time,it
Miss Italia Mustn’t Die,it
7 Women and a Murder,it
Caught by a Wave,it
The Ruthless,it
A Breath of Fresh Air,it
The Last Paradiso,it
The Beast,it
The King Who Never Was,it
The Love Scam,it
Security,it
Adagio,it
Still Out of My League,it
Robbing Mussolini,it
Under the Amalfi Sun,it
Vanished into the Night,it
Four to Dinner,it
Suburræterna,it
The Binding,it
Fortune Seller: A TV Scam,it
I am Ilary,it
Ilary Blasi: The One and Only,it
Running for my Truth: Alex Schwazer,it
Alessandro Cattelan: One Simple Question,it
"Michela Giraud: The Truth, I Swear!",it
I Hate Christmas,it
Call Me Francis,it
Vasco Rossi: Living It,it
The Yara Gambirasio Case: Beyond Reasonable Doubt,it
Fantasy Football Ruined Our Lives,it
On My Skin,it
Francesco De Carlo: Cose di questo mondo,it
The Man Without Gravity,it
Marilyn's Eyes,it
Mixed by Erry,it
Forgive Us Our Debts,it
SanPa: Sins of the Savior,it
Holiday on Mars,it
"My Brother, My Sister",it
First Team: Juventus,it
The Price of Nonna's Inheritance,it
"Watch Out, We're Mad",it
"Vendetta: Truth, Lies and The Mafia",it
The Price of Family,it
The Turning Point,it
5 Star Christmas,it
Edoardo Ferrario: Temi caldi,it
Saverio Raimondo: Il Satiro Parlante,it
Fauda,hb
Bad Boy,hb
Seven Figures,hb
Kissufim,hb
Bros,hb
Off Road,hb
A Body that Works,hb
The Girl from Oslo,hb
Hashoter Hatov,hb
The Motive,hb
Maktub,hb
Fanfic,pl
Absolute Beginners,pl
Sexify,pl
Operation Hyacinth,pl
Girls to Buy,pl
Glitter,pl
Infamy,pl
Heaven in Hell,pl
Love Never Lies: Poland,pl
A Girl and an Astronaut,pl
1670,pl
High Water,pl
Tonight You're Sleeping with Me,pl
Nobody Sleeps in the Woods Tonight,pl
Open Your Eyes,pl
1983,pl
Cracow Monsters,pl
The Hooligan,pl
Rhythm + Flow: Poland,pl
Just One Look,pl
The Mire,pl
Detective Forst,pl
The Woods,pl
Furioza,pl
My Wonderful Life,pl
Hellhole,pl
Family Secrets,pl
"Go Ahead, Brother",pl
Forgotten Love,pl
Aniela,pl
Into the Wind,pl
Project UFO,pl
All My Friends Are Dead,pl
Justice,pl
Boxer,pl
Broad Peak,pl
The Mothers of Penguins,pl
Colors of Evil: Red,pl
Nobody Sleeps in the Woods Tonight 2,pl
Hold Tight,pl
Autumn Girl,pl
Bartkowiak,pl
Dead End,pl
Bad Exorcist,pl
How I Fell in Love with a Gangster,pl
The Green Glove Gang,pl
Fierce,pl
Queen,pl
The Taming of the Shrewd,pl
Hound's Hill,pl
The Plagues of Breslau,pl
Mother's Day,pl
Feedback,pl
Soulcatcher,pl
Inheritance,pl
Squared Love,pl
Fanatyk,pl
In for a Murder,pl
Heart Parade,pl
Pilecki's Report,pl
Mr. Car and the Knights Templar,pl
Illusion,pl
"Kiss, Kiss!",pl
Lesson Plan,pl
The Taming of the Shrewd 2,pl
Squared Love All Over Again,pl
Freestyle,pl
The Getaway King,pl
Planet Single: Greek Adventure,pl
The Land,pl
Johnny,pl
Divorce,pl
No Pressure,pl
Death Before the Wedding,pl
Kill Me If You Dare,pl
Strawman,pl
Squared Love Everlasting,pl
Operation: Nation,pl
Prime Time,pl
Delivery by Christmas,pl
A Night at the Kindergarten,pl
Old Money,tr
Immortals,tr
Hot Skull,tr
Love 101,tr
Shahmaran,tr
Ethos,tr
Midnight at the Pera Palace,tr
Platonic,tr
Kübra,tr
The Protector,tr
Yakamoz S-245,tr
"Thank You, Next",tr
Another Self,tr
Chasing the Wind,tr
Istanbul Encyclopedia,tr
Letters From The Past,tr
The Gift,tr
Fatma,tr
Miracle in Cell No. 7,tr
As the Crow Flies,tr
The Tailor,tr
Graveyard,tr
Creature,tr
Last Summer,tr
Oh Belinda,tr
Who Were We Running From?,tr
50M2,tr
Intersection,tr
A Round of Applause,tr
Abandoned Man,tr
Ashes,tr
Lovers Anonymous,tr
A True Gentleman,tr
Private Lesson,tr
Paper Lives,tr
UFO,tr
Chokehold,tr
The Club,tr
Last Call for Istanbul,tr
Wolf,tr
Love Tactics,tr
Don't Leave,tr
Asaf,tr
You Do You,tr
Doom of Love,tr
Cici,tr
Make Me Believe,tr
The Life and Movies of Erşan Kuneri,tr
In Good Hands,tr
One-Way to Tomorrow,tr
Innocent,tr
Love Me Instead,tr
Have You Ever Seen Fireflies?,tr
Art of Love,tr
Heartsong,tr
Godspeed,tr
Bet Your Life,tr
Love Tactics 2,tr
My Father's Violin,tr
Do Not Disturb,tr
Wild Abandon,tr
In Good Hands 2,tr
The Festival of Troubadours,tr
Man on Pause,tr
10 Days of a Bad Man,tr
10 Days of a Good Man,tr
Terim,tr
Cem Yılmaz: Diamond Elite Platinum Plus,tr
Oregon,tr
Leyla Everlasting,tr
Stuck Apart,tr
Sweetie,tr
The Fix-It Man,tr
10 Days of a Curious Man,tr
Mortal World 2,tr
Edis Starlight,tr
Too Much Love,tr
Grudge,tr
Olympo,es
Elite,es
Billionaires' Bunker,es
Perú: Tesoro escondido,es
Money Heist,es
Magical Andes,es
Smiley,es
Swim to Me,es
"Old Dog, New Tricks",es
El Chavo,es
The Guest,es
Elite Short Stories: Patrick,es
Locked Up,es
Elite Short Stories: Omar Ander Alexis,es
Unspeakable Sins,es
Too Hot To Handle: Latino,es
Too Hot to Handle: Spain,es
Elisa & Marcela,es
Elite Short Stories: Carla Samuel,es
Her Mother's Killer,es
Someone Has to Die,es
Elite Short Stories: Nadia Guzmán,es
Elite Short Stories: Guzmán Caye Rebe,es
The Eternaut,es
Veronica,es
Young & Wild,es
El Cazador,es
Society of the Snow,es
Welcome to Eden,es
One Hundred Years of Solitude,es
Valeria,es
Breathless,es
Through My Window,es
Raising Voices,es
Love Is Blind: Argentina,es
The Time It Takes,es
Elite Short Stories: Samuel Omar,es
The Lost Children,es
Y Tu Mamá También,es
The Gardener,es
Dark Desire,es
Control Z,es
Sky Rojo,es
Sister Death,es
Cuando acecha la maldad,es
Rebelde,es
The Girl in the Mirror,es
More the Merrier,es
Elite Short Stories: Phillipe Caye Felipe,es
Two Graves,es
Rubí,es
Ángela,es
Chica Vampiro,es
The Platform,es
The Platform 2,es
Rockstar Duki from the end of the world,es
Cable Girls,es
Bad Influence,es
Millennials,es
The Secret of the River,es
Community Squad,es
I Am Georgina,es
Love is Blind: Mexico,es
In the Mud,es
Fake Profile,es
Burning Body,es
The Dead Girls,es
The Girls at the Back,es
Untamed Royals,es
The Last Night at Tremore Beach,es
Café con aroma de mujer,es
Muted,es
La Usurpadora,es
La vida inmoral de la pareja ideal,es
Deep Fake Love,es
Green Frontier,es
Skins,es
"Newly Rich, Newly Poor",es
The Mess You Leave Behind,es
Toy Boy,es
Holy Family,es
Eva Lasting,es
Nowhere,es
ROMA,es
The Innocent,es
Through My Window 2: Across the Sea,es
A Perfect Story,es
Through My Window 3: Looking at You,es
The Tree of Blood,es
Two,es
You’re Nothing Special,es
Berlin,es
In Love All Over Again,es
Diary of a Gigolo,es
God's Crooked Lines,es
Who Killed Sara?,es
Alpha Males,es
A Widow's Game,es
The Snow Girl,es
Mirage,es
Alba,es
Hache,es
The Queen of Flow,es
"Lorena, Light-Footed Woman",es
Tin & Tina,es
The Barrier,es
Aitana: Metamorphosis,es
Malta,es
Pasión de Gavilanes,es
Delirium,es
Simón,es
Who's a Good Boy?,es
Like Water for Chocolate,es
The Marked Heart,es
Invisible,es
High Seas,es
Diablero,es
Noise,es
Hurricane Season,es
Anonymously Yours,es
The Lady's Companion,es
If Only,es
Feria: The Darkest Light,es
Paquita Salas,es
The Turkish Passion,es
Criminal: Spain,es
Untameable,es
Love Never Lies: Destination Sardinia,es
Dancing on Glass,es
Dry Martina,es
The Cook of Castamar,es
Street Food: Latin America,es
Until You Burn,es
Caged Wings,es
The House of Flowers,es
Medusa,es
The Chosen One,es
Bird Box Barcelona,es
Counterattack,es
Envious,es
El marginal,es
"El Pepe, a Supreme Life",es
Always a Witch,es
The Most Beautiful Flower,es
Baby Bandito,es
Señora Acero,es
Bank Under Siege,es
The Neighbor,es
Coven of Sisters,es
El Dragón: Return of a Warrior,es
Love Never Lies,es
The Five Juanas,es
The Asunta Case,es
Our Lovers,es
Cindy la Regia: The High School Years,es
Prison Cell 211,es
Without Saying Goodbye,es
The Signing,es
Güeros,es
I Don't Expect Anyone to Believe Me,es
Parallel Mothers,es
El Conde,es
The Wrath of God,es
Carlos Alcaraz: My Way,es
Bandidos,es
Wrong Side of the Tracks,es
Falsa identidad,es
Love After Music,es
Al sur del corazón,es
Lost in the Night,es
Sugar Rush: The Baking Point,es
Daughter From Another Mother,es
The Envoys,es
Snakes and Ladders,es
The Photographer Of Mauthausen,es
Crazy About Her,es
Who Would You Take to a Deserted Island?,es
Heirs to the Land,es
Sin senos sí hay paraíso,es
Savage Rhythm,es
The Patients of Dr. García,es
La Reina del Sur,es
Love of my life,es
Sounds Like Love,es
Miss Adrenaline: A Tale of Twins,es
100 Meters,es
Between Lands,es
The Last Hours of Mario Biondo,es
Thursday's Widows,es
"I love you, stupid",es
The Accident,es
Apache: The Life of Carlos Tevez,es
100 días para enamorarnos,es
"Pablo Escobar, el patrón del mal",es
High Heat,es
Triptych,es
La piloto,es
Pedro Páramo,es
The Obscure Spring,es
The Inmate,es
The Surrogacy,es
Pact of Silence,es
The Final Score,es
Intimacy,es
Our Times,es
Tony Manero,es
Who Likes My Follower?,es
Money Heist: From Tokyo to Berlin,es
"Mon Laferte, te amo",es
The Search,es
The Skin of the Wolf,es
Luis Miguel - The Series,es
KLASS 95: The Power of Beauty,es
Once Upon a Time... Happily Never After,es
El Chapo,es
Jenni Rivera: Mariposa de Barrio,es
"BARDO, False Chronicle of a Handful of Truths",es
The Secret of Doctor Grinberg,es
Blood Ties,es
Caught,es
Gangs of Galicia,es
The Law of the Jungle,es
Love at First Kiss,es
Society of the Snow: Who Were We on the Mountain?,es
Valley of the Dead,es
Sisters' Feud,es
Prayers for the Stolen,es
The Substitute,es
I Am Not Mendoza,es
Two Catalonias,es
1976,es
The Manny,es
The Minions of Midas,es
Solo,es
In Her Place,es
Centauro,es
Seventeen,es
A Sinister Sect: Colonia Dignidad,es
The Courier,es
Las muñecas de la mafia,es
Bolívar,es
42 Days of Darkness,es
Rojo carmesí,es
"Disco, Ibiza, Locomía",es
BREAK IT ALL: The History of Rock in Latin America,es
Kally's Mashup: Un Cumpleaños Muy Kally,es
Ingobernable,es
The Figo Affair: The Transfer that Changed Football,es
The Longest Night,es
The Endless Trench,es
The Club,es
Maledictions,es
Lucca's World,es
All For Love,es
Insiders,es
Nobody Knows I'm Here,es
Rotten Legacy,es
1992,es
Jaguar,es
Summer Vacation,es
The Invisible Guardian,es
Mark of the Devil,es
The Chalk Line,es
Puerta 7,es
The Secret of the Greco Family,es
Santo,es
The Occupant,es
Death Inc.,es
Taco Chronicles,es
Club de Cuervos,es
The Queen and the Conqueror,es
Cell 211,es
The Champion,es
The Kings of the World,es
Under Her Control,es
"Newly Rich, Newly Poor",es
The Heart Knows,es
The Eternal Feminine,es
El infierno,es
Heavenly Bites: Mexico,es
Til Money Do Us Part,es
Everything Will Be Fine,es
Wild District,es
Goyo,es
Escalona,es
Code Name: Emperor,es
I'm No Longer Here,es
The Legacy of the Bones,es
Born and Bred,es
Adú,es
We Were Kings,es
Caught in the Web: The Murders Behind Zona Divas,es
Una película de huevos,es
It's All Over: The Kiss That Changed Spanish Football,es
Offering to the Storm,es
The Gringo Hunters,es
Karol G: Tomorrow was Beautiful,es
Okupas,es
Sing On! Spain,es
"Love, Divided",es
All the Freckles in the World,es
Birders,es
Crime Diaries: The Celebrity Stylist,es
Historia de lo oculto,es
Iron Reign,es
Nailed It! Mexico,es
Haunted: Latin America,es
The Influencer,es
Where the Tracks End,es
KM 31: Kilómetro 31,es
Sky High: The Series,es
The Idhun Chronicles,es
How to Get Over a Breakup,es
No,es
The Paramedic,es
Secrets of Summer,es
Recurrence,es
So My Grandma’s a Lesbian!,es
Perdida,es
Twin Murders: the Silence of the White City,es
Instructions Not Included,es
Xtreme,es
Below Zero,es
Tempestad,es
Edha,es
Tragic Jungle,es
Monarca,es
The Unbroken Voice,es
The Least Expected Day: Inside the Movistar Team 2019,es
Forgotten We'll Be,es
Thursday's Widows,es
Love Hurts,es
Totem,es
Loco Por Vos,es
Fever Dream,es
Lies and Deceit,es
Pedal to Metal,es
The Hijacking of Flight 601,es
On the Ship of Enchantment,es
LALIGA: All Access,es
The 43,es
The Doomsday Cult of Antares de la Luz,es
Carancho,es
TRANSMITZVAH,es
La Leyenda de la Llorona,es
"Belascoarán, PI",es
The Alcàsser Murders,es
Fanático,es
The Children’s Kingdom,es
Boca Juniors Confidential,es
The Son,es
The Warning,es
Los Impactados,es
You Are Not Alone: Fighting the Wolf Pack,es
Perfect Strangers,es
The Kingdom,es
Live is Life,es
The Guardian of the Monarchs,es
All Hail,es
Ángel Di María: Breaking Down the Wall,es
ROAD TO ROMA,es
Chabuca,es
Superstar,es
Dark Forces,es
La bella y las bestias,es
Stolen Away,es
A Tale of Two Kitchens,es
Crime Diaries: Night Out,es
The Club,es
Sunday's Illness,es
Familia,es
The Fight for Justice: Paolo Guerrero,es
Iron Chef: Mexico,es
Pedro,es
HollyBlood,es
Almost Happy,es
The Motive,es
La leyenda de la Nahuala,es
Lion's Den,es
Rainbow,es
The Invisible Eye,es
Outlaws,es
Undercover Law,es
7 años,es
Money Heist: The Phenomenon,es
Against the Ropes,es
Sky High,es
The House of Dark Secrets,es
The Influence,es
The War Next-door,es
In Family I Trust,es
Killer Book Club,es
El Chema,es
Somos.,es
The Three Deaths of Marisela Escobedo,es
Solo Con Tu Pareja,es
Yankee,es
Heroes: Silence and Rock & Roll,es
Higuita: The Way of the Scorpion,es
Chromosome 21,es
Norma,es
Cindy la Regia,es
La diosa del asfalto,es
La ley de Herodes,es
The Wasteland,es
The Day of the Lord,es
Fugitiva,es
Your Son,es
A Remarkable Tale,es
900 Days Without Anabel,es
The Lighthouse of the Orcas,es
"Live Twice, Love Once",es
Rebellion,es
The Accidental Twins,es
When Angels Sleep,es
Simon of the Mountain,es
Infiesto,es
Paraíso,es
Matar a Jesús,es
A Man of Action,es
Rosa Peral's Tapes,es
Welcome to the Family,es
The Great Heist,es
The Silence of the Marsh,es
Piñata Masters!,es
The Laws of Thermodynamics,es
"Angi: Fake Life, True Crime",es
Forever Queens,es
Notes for My Son,es
On The Fringe,es
Garnachas: Glorious Street Food!,es
Carlos Ballarta: False Prophet,es
Marea alta,es
Club de Cuervos Presents: The Ballad of Hugo Sánchez,es
Chicuarotes,es
Pedro el escamoso,es
Examination of Conscience,es
The Last Man on Earth,es
My Encounter with Evil,es
Despite Everything,es
The Marriage App,es
Parchís: the Documentary,es
Belzebuth,es
UniverXO Dabiz,es
GO! The Unforgettable Party,es
The Darkness within La Luz del Mundo,es
A Cop Movie,es
What a Party! Stories About Gabriel García Márquez,es
ARA San Juan: The Submarine that Disappeared,es
El final del paraíso,es
La leyenda del Charro Negro,es
A Life of Speed: The Juan Manuel Fangio Story,es
Tear This Heart Out,es
Elena Knows,es
Franco Escamilla: Ladies' man,es
Eye For An Eye,es
Made in Mexico,es
Matando Cabos,es
The Day I Met El Chapo,es
Fame After Fame,es
¡Que viva México!,es
Ready to Mingle,es
Nicky Jam: El Ganador,es
"El Rey, Vicente Fernández",es
The Lady of Silence: The Mataviejitas Murders,es
Illusions for Sale: The Rise and Fall of Generation Zoe,es
Bomb Scared,es
Maradona in Mexico,es
Virgilio,es
What the F* Is Going On?,es
No Manches Frida,es
Isla Alien,es
Elvira I Will Give You My Life but I'm Using It,es
Blue Eyelids,es
Unknown Origins,es
The Playing Card Killer,es
Dogwashers,es
Zona Rosa,es
Little Chicken's Egg-cellent Adventure,es
The Many Deaths of Nora Dalmasso,es
Mikaela,es
Loca por el trabajo,es
The Spokeswoman,es
Rafa Márquez: El Capitán,es
Magic for Humans Spain,es
I’m Still a Superstar,es
La Salsa Vive,es
Black Is Beltza,es
Xico's Journey,es
Blanquita,es
Camarón Revolution,es
Nevenka: Breaking the Silence,es
Bank Robbers: The Last Great Heist,es
Salma's Big Wish,es
You Cannot Hide,es
Politically Incorrect,es
Los Tigres del Norte at Folsom Prison,es
Women on the Edge,es
Patria,es
Kemonito: The Final Fall,es
A Farewell for Lilí,es
Little Nicholas: Life of a Scoundrel,es
First Class,es
800 Meters,es
"The Boss, Anatomy of a Crime",es
Rest In Peace,es
Liss Pereira: Adulting,es
It’s Worth It by Dani Rovira,es
500 Days of Escobar,es
The Perfect Family,es
Breaking the Silence: The Maria Soledad Case,es
Fabrizio Copano: Solo pienso en mi,es
Azcárate: No Holds Barred,es
The House of Flowers: The Movie,es
Lady Tamara,es
Cásese quien pueda,es
The Last Runway,es
Gun City,es
Nailed It! Spain,es
The Last Dolphin King,es
11M: Terror in Madrid,es
Up Among The Stars,es
Making It Up,es
Where is Marta?,es
Gigantes,es
Burning Patience,es
Te presento a Laura,es
Elefante blanco,es
Intuition,es
1994,es
The Great Seduction,es
Nothing to See Here,es
Millionaire,es
The Hours with You,es
Reasonable Doubt: A Tale of Two Kidnappings,es
The Crimes That Bind,es
A Deadly Invitation,es
Liss Pereira: Reteniendo líquidos,es
Crime Diaries: The Candidate,es
Thi Mai,es
Don’t Blame Karma!,es
The Lulú Club,es
Upon Open Sky,es
Corazón de padre,es
Cooking Up Murder: Uncovering the Story of César Román,es
The Price of Glory,es
"Single, Married, Widowed, Divorced",es
Making Malinche: A Documentary by Nacho Cano,es
El Coronel No Tiene Quien Le Escriba,es
La Leyenda De Las Momias De Guanajuato,es
Boi,es
Phenomena,es
The House of Flowers Presents: The Funeral,es
Locombianos,es
The Dad Quest,es
Fuga,es
New Order,es
"Mirror, Mirror",es
Technoboys,es
Face to Face with ETA: Conversations with a Terrorist,es
One Hundred Years with Juan Rulfo,es
Como si fuera la primera vez,es
There Is a What-If,es
The Perfect Dictatorship,es
Queens on the Run,es
The Road to Love,es
Franco Escamilla: Eavesdropping,es
The Tribe,es
La Línea: Shadow of Narco,es
Today We Fix the World,es
Lokillo,es
Camarón: The Film,es
Non Negotiable,es
How To Deal With a Heartbreak,es
A 3 Minute Hug,es
Togo,es
40 Years Young,es
A Wonderful World,es
Honeymoon with My Mother,es
4L,es
Soy Rada: Serendipity,es
"Nisman: The Prosecutor, the President, and the Spy",es
The Inhabitant,es
The Silent War,es
(Un)lucky Sisters,es
Dad Wanted,es
Agustín Aristarán: Soy Rada,es
Ricardo Quevedo: Tomorrow Will Be Worse,es
Camp Crasher,es
The Snitch Cartel: Origins,es
On the Mountain,es
A Kidnapping Scandal: The Florence Cassez Affair,es
Franco Escamilla: Bienvenido al mundo,es
The Man Who Loved UFOs,es
All the Places,es
I Can't Live Without You,es
Juanpis González - The Series,es
"¡Ay, mi madre!",es
El bonaerense,es
Carmel: Who Killed Maria Marta?,es
Club América vs. Club América,es
El Cartel 2,es
Como caído del cielo,es
After the Raid,es
Falling for Mala,es
Switched Up,es
Franco Escamilla: Por la anécdota,es
You've Got This,es
El paseo 6,es
Por la libre,es
Isla bonita,es
This Is Not a Comedy,es
Nora's Will,es
Museo,es
El Cartel,es
You're Killing Me Susana,es
Jefe,es
Yucatán,es
Three Days of Christmas,es
Hate by Dani Rovira,es
The Photographer: Murder in Pinamar,es
¿Qué le dijiste a Dios?,es
Animas,es
3 idiotas,es
Toro,es
How to Break Up With Your Loser,es
Al acecho,es
Gimme Power,es
Guillermo Vilas: Settling the Score,es
Stolen Vacation,es
Grandma's Wedding,es
Letters from a Distance,es
Murder by the Coast,es
Ratones Paranoicos: The Band that Rocked Argentina,es
Maximum Penalty 2,es
Down the Rabbit Hole,es
So Much Love to Give,es
The Legend of the Chupacabra,es
Alex Fernández: The Best Comedian in the World,es
In Broad Daylight: The Narvarte Case,es
A Woman With No Filter,es
Daniel Sosa: Maleducado,es
Tijuana,es
Broken Idol: The Undoing of Diomedes Díaz,es
Powder,es
"For Better, for Worse",es
¡Asu Mare! Los amigos,es
Unbridled,es
The (Almost) Legends,es
Disappear Completely,es
Tell Me When,es
The Unremarkable Juanquini,es
Colosio: El asesinato,es
"Club de Cuervos Presents: I, Potro",es
Ismael,es
This Is Tomas,es
Rolling Family,es
State of Silence,es
Parallel Roads,es
Black Beach,es
La Leyenda del Diamante,es
All About Gila,es
Bankrolled,es
Todos queremos a alguien,es
Drug Squad: Costa del Sol,es
"Sonora, The Devil’s Highway",es
Lokillo: Nothing's the Same,es
El paseo 7,es
1000 Miles from Christmas,es
Juanpis González: The People's President,es
The Bad Family,es
Mirreyes vs Godinez,es
Oldsters,es
Crane World,es
The Biggest Fan,es
"Soltera, casada, viuda, divorciada 2",es
Grandma's Last Wishes,es
Belmonte,es
Compadres,es
"Let's Tie The Knot, Honey!",es
"Twenty-Something, Divorced and Fabulous",es
Lost Paradise,es
Private Network: Who Killed Manuel Buendía?,es
The Waiter,es
The K.E.OP/S System,es
Pirate Dad,es
The Little Switzerland,es
Ya veremos,es
A Not So Merry Christmas,es
To Love Is To Grow,es
Mutiny of the Worker Bees,es
La Pena Maxima,es
Ricardo Quevedo: Los amargados somos más,es
The Marquez-Castillo Siblings,es
Leon's Heart,es
Thoroughbred,es
Grego Rossello: Disculpe las molestias,es
"Thirty Something, Single and Fabulous",es
Have a nice day!,es
Qué pena tu vida,es
El club de los buenos infieles,es
No Return,es
Pulling Strings,es
Guadalupe Reyes,es
Alan Saldaña: Locked Up,es
Si saben como me pongo 2,es
"Now There's 3 of Us? Sí, Mi Amor.",es
One Small Problem,es
Something Huge,es
Valentina's Wedding,es
"Our Lady of San Juan, Four Centuries of Miracles",es
Sweet Family,es
A Second Chance,es
I Swear It Wasn't Me,es
Busco novio para mi mujer,es
Grumpy Christmas,es
An Unremarkable Christmas,es
Love Is Blind: Brazil,pt
Latin Blood - The Ballad of Ney Matogrosso,pt
Sem Coração,pt
Caramelo,pt
Apocalypse in the Tropics,pt
Elena,pt
Too Hot to Handle: Brazil,pt
3%,pt
Kardec,pt
Invisible City,pt
Central Station,pt
The Circle Brazil,pt
Elite Squad,pt
Que horas ela volta?,pt
Tatuagem,pt
City of God,pt
The Assailant,pt
The Brazilian Holocaust,pt
Chiquititas,pt
Minha Mãe É Uma Peça,pt
Casa Grande,pt
The Edge of Democracy,pt
Carrossel,pt
Senna,pt
Kissing Game,pt
Carandiru,pt
Elize Matsunaga: Once Upon a Crime,pt
Bicho de Sete Cabeças,pt
A Vida Invisível,pt
Ultimate Beastmaster Brasil,pt
Basic Sanitation: The Movie,pt
Love is Blind Brazil: After the Altar,pt
Criminal Code,pt
Omniscient,pt
Astral City: A Spiritual Journey,pt
Minha Vida Em Marte,pt
Nosso Sonho,pt
Back to 15,pt
Turn of the Tide,pt
Os Homens São de Marte… e É pra Lá que Eu Vou!,pt
Love Stories Only Last 90 Minutes,pt
Minha Mãe é uma Peça 2: O Filme,pt
Galinha Pintadinha,pt
Bittersweet Rain,pt
Sintonia,pt
Iron Chef Brazil,pt
Meninas Não Choram,pt
Turma Da Monica: Lacos,pt
Mystery Lab,pt
A Tragedy Foretold: Flight 3054,pt
Love for Sale: Suely in the Sky,pt
Stranded with my Mother-in-Law,pt
The Endless Night,pt
M8 - When Death Rescues Life,pt
Neymar: The Perfect Chaos,pt
Mamonas Assassinas: O Filme,pt
Cazuza: O Tempo Não Pára,pt
As Vidas de Chico Xavier,pt
The Fault is Cabral's,pt
I Go Crazy,pt
Carinha de Anjo,pt
Tô Ryca,pt
Vini Jr.,pt
Retratos Fantasmas,pt
Whindersson Nunes: My Own Show!,pt
Alice Junior,pt
Sing For Me: Teen Edition,pt
O tempo e o vento,pt
As Aventuras de Poliana,pt
Summer Heat,pt
Jogo de Cena,pt
We're So Young,pt
Cúmplices de um Resgate,pt
2 Coelhos,pt
A Life Too Short: The Isabella Nardoni Case,pt
Elis,pt
Two Sons of Francisco,pt
Canta Comigo,pt
Santo Forte,pt
The Nutty Boy,pt
Earth to Luna!,pt
Vai Anitta,pt
Chico: Artista Brasileiro,pt
If I Were Luísa Sonza,pt
The Shaolin Warrior of Brazil,pt
Whindersson Nunes: Preaching to the Choir,pt
Intervenção,pt
Whindersson Nunes: Adult,pt
Faith in the Impossible,pt
Tainá: Uma Aventura na Amazônia,pt
Mamonas Pra Sempre,pt
Super Drags,pt
The Buriti Flower,pt
Valentina,pt
Marighella,pt
Anything for a Pop Star,pt
Brazil 2002 - Behind the Scenes of Brazil's Fifth FIFA World Cup Victory,pt
Bita e os Animais,pt
As Canções,pt
Dating Around: Brazil,pt
"Rio, 40 Graus",pt
Confessions of an Invisible Girl,pt
Children of the Church Steps,pt
S.O.S.: Women to the Sea,pt
Foreign Land,pt
Girls from Ipanema,pt
Sócrates,pt
"Wake Up, Carlo!",pt
"Axé, Canto do Povo de um Lugar",pt
Rhythm + Flow: Brazil,pt
Nobody's Looking,pt
Tainá 2: A Aventura Continua,pt
Emicida: AmarElo - It’s All For Yesterday,pt
Racionais MC's: From the Streets of São Paulo,pt
An Invisible Victim: The Eliza Samudio Case,pt
The Mechanism,pt
Beyond the Universe,pt
Unexplainable,pt
The Man Who Copied,pt
Bruna Louise: Demolition,pt
Vidas Secas,pt
Gonzaga - De Pai pra Filho,pt
Thiago Ventura: POKAS,pt
Entre Irmãs,pt
Afonso Padilha: Classless,pt
Como Nossos Pais,pt
My Sweet Fifteen,pt
We Are Guardians,pt
Deive Leonardo - Before & After,pt
Entreatos,pt
Desperate Lies,pt
Meu Sangue Ferve Por Você,pt
A Dangerous Practice,pt
The Awakener,pt
Bezerra De Menezes - Diario De Um Espirito,pt
Meu Nome Não É Johnny,pt
Deive Leonardo: The Answer,pt
Galinha Pintadinha Mini,pt
Get the Goat,pt
O Palhaço,pt
Xingu,pt
Time Hustler,pt
Untangle,pt
Listen to Me,pt
Irmãos por Escolha,pt
Almost Family,pt
Learning and fun with Jose Comelon,pt
Edifício Master,pt
Larissa: The Other Side of Anitta,pt
Contos Clássicos com a Galinha Pintadinha,pt
Pacarrete,pt
Luccas e Gi em: Amor de Mãe,pt
Maldivas,pt
Irmã Dulce,pt
A Bright Lawyer,pt
Praça Paris,pt
Um Suburbano Sortudo,pt
Only For Love,pt
Uncredited: The Story of Passinho,pt
Até que a Sorte Nos Separe,pt
Os Parças,pt
Rafinha Bastos: Ultimatum,pt
3 Palavrinhas,pt
Airplane Mode,pt
"TOC - Transtornada, Obsessiva, Compulsiva",pt
"Raul Seixas, the Rise and Fall of a Brazilian Rockstar",pt
Lugar de Mulher,pt
Killer Ratings,pt
Smother-in-Law,pt
A Luz do Tom,pt
The House of Sand,pt
God Is Brazilian,pt
Uma Noite em 67,pt
Surf Adventures: O Filme,pt
São Paulo S/A,pt
Muitos Homens Num Só,pt
DJ Cinderella,pt
Rich in Love,pt
Spectros,pt
Lulli,pt
Rodrigo Marques: King of Uncouth,pt
A Frente Fria que a Chuva Traz,pt
The Chosen One,pt
O Último Virgem,pt
Alice no Mundo da Internet,pt
Andança - Os Encontros e as Memórias de Beth Carvalho,pt
Pelé,pt
Emicida: AmarElo - Live in São Paulo,pt
The Great Robbery of Brazil's Central Bank,pt
Loucas pra Casar,pt
Someone Borrowed,pt
Acampamento Intergaláctico,pt
Assalto Ao Banco Central,pt
No Ritmo da Fé,pt
Sleeping Princess,pt
If I Were You,pt
Eike: Tudo ou Nada,pt
No Intenso Agora,pt
A Ostra e o Vento,pt
Jonas,pt
Felipe Neto: My Life Makes No Sense,pt
The Secret Diary of an Exchange Student,pt
Carnaval,pt
Dona Flor e Seus Dois Maridos,pt
From Dreams to Tragedy: The Fire that Shook Brazilian Football,pt
7 Prisoners,pt
Últimas Conversas,pt
Noites Alienígenas,pt
Luz: The Light of the Heart,pt
Babilônia 2000,pt
A Queen Is Born,pt
O Candidato Honesto,pt
Polícia Federal - A Lei É para Todos,pt
Just Another Christmas,pt
"Luccas Neto em: Acampamento de Férias 4, O Desafio Final",pt
Making Senna,pt
Antes Que Eu Me Esqueça,pt
Abraço de Mãe,pt
Anitta: Made In Honório,pt
Maurício Meirelles: Generating Chaos,pt
Linda de Morrer,pt
Só Dez Por Cento é Mentira,pt
O Menino no Espelho,pt
The Year My Parents Went on Vacation,pt
Propriedade,pt
Reporting for Duty,pt
De Pernas Pro Ar,pt
King of the Night,pt
Até Que A Sorte Nos Separe 3,pt
O Magnata,pt
"Carlota Joaquina, Princesa Do Brasil",pt
Até que a Sorte Nos Separe 2,pt
Qualquer Gato Vira-Lata 2,pt
Apaixonada,pt
Luccas Neto em: Duas Babás Muito Esquisitas,pt
Dunas do Barato,pt
Nelma Kodama: The Queen of Dirty Money,pt
A Vampire in the Family,pt
Isolados,pt
Any Stray Cat,pt
The Killer,pt
Luccas Neto: Príncipe Lu e a Lenda do Dragão,pt
Minha Fama de Mau,pt
A Garota Invisível,pt
Se Avexe Não,pt
#NoFilter,pt
"Rodrigo Sant'Anna: I'm Here, I'm Queer!",pt
Get the Grift,pt
Mutum,pt
Me You Them,pt
Legalize Já,pt
"Lúcio Flávio, o Passageiro da Agonia",pt
Yuri Marçal: Honest Mistake,pt
Bate Coração,pt
Nothing to Lose,pt
Uma Professora muito maluquinha,pt
Double Dad,pt
Luccas Neto em: Acampamento de Férias 3,pt
Owner of the Story,pt
Luccas Neto em: O Meu Aniversário,pt
Bita and the Animals 2,pt
Um Tio Quase Perfeito,pt
Luccas Neto em: A Gincana na Netoland,pt
O Grito,pt
Os Desafinados,pt
Just Short of Perfect,pt
Cilada.com,pt
O Candidato Honesto 2,pt
Mundo Bita - Bita e o Nosso Mundo,pt
Queer Eye: Brazil,pt
If I Were You 2,pt
Luccas Neto em: O Plano dos Vilões,pt
Fenced In,pt
Rich in Love 2,pt
Turminha Paraíso,pt
Insensate,pt
Ideias à Venda,pt
Fraternal Love,pt
Mundo Bita - Bita e as Brincadeiras,pt
Marco Luque: Tamo Junto,pt
Os Saltimbancos Trapalhões - Rumo a Hollywood,pt
Bita e o Circo,pt
Uma fada veio me visitar,pt
Romeo and Juliet Get Married,pt
Luccas Neto in: A Babá Operação Game Over,pt
Overhaul,pt
A Presepada,pt
Father's Chair,pt
Bita e os Animais 3,pt
The Family That Sings Together: The Camargos,pt
1 Contra Todos - O Filme,pt
Luccas e Gi em: Dinossauros,pt
The Smoke Master,pt
Bionic,pt
Partiu América,pt
Luccas Neto in: The Magical Hotel 2,pt
Uma Loucura de Mulher,pt
Luccas Neto em: Uma Aventura no Zoológico,pt
O Amor Dá Trabalho,pt
Gaby Estrella: O Filme,pt
"Edmilson Filho: Notas, Comedy about Relationships",pt
Amigos Sem Compromisso,pt
Nothing to Lose 2,pt
Filhos de João: O Admirável Mundo Novo Baiano,pt
Luccas Neto em: O Mapa do Tesouro 2,pt
Chef Jack: O Cozinheiro Aventureiro,pt
Luccas Neto em: O Mapa do Tesouro,pt
Samantha!,pt
Doce Família,pt
End of the Line,pt
De Pernas Pro Ar 2,pt
Zero to Hero,pt
Luccas Neto em: Um Natal Muito Divertido,pt
Christmas Full of Grace,pt
Como Hackear Seu Chefe,pt
Simonal,pt
Soul's Peak,pt
Cheers to Life,pt
Bita e o Nosso Dia,pt
"Maria, Mãe do Filho de Deus",pt
Conversations with Ruth de Souza,pt
Casa da Mãe Joana,pt
Sara - Imagination and Discoveries,pt
Nelson Freire,pt
Um Dia com Jerusa,pt
Cine Holliúdy 2: A Chibata Sideral,pt
Little Book of Love 2,pt
Virando a Mesa,pt
A Cut Above,pt
Muita Calma Nessa Hora 2,pt
Alone Man,pt
1 Contra Todos: O Filme 2,pt
Unsuspicious,pt
Mundo Bita - Bita e o Corpo Humano,pt
A Pelada,pt
Cine Holliúdy,pt
Bita e o Nosso Mundo 2,pt
Curral,pt
Love Stories,pt
Jean Charles,pt
Turminha Paraíso 2,pt
Alucinados,pt
Porta dos Fundos: Contrato Vitalicio,pt
1 Contra Todos: O Filme 3,pt
FLOPS: Agentes Nada Secretos,pt
A Esperança é a Ultima que Morre,pt
Hora do Blec - Planeta Blec,pt
Rúcula com Tomate Seco,pt
Time of Peace,pt
Coração de Cowboy,pt
Billi Pig,pt
Hora do Blec - Primeiros Passos,pt
As Aventuras do Pequeno Colombo,pt
Bita e os Sentimentos,pt
Agamenon: The Film,pt
Meus Dois Amores,pt
Bita e a Natureza,pt
Confia em mim,pt
Wedding Games,pt
"Não Se Preocupe, Nada Vai Dar Certo",pt
Turminha Paraíso: Especial de Natal,pt
Turbulência,pt
Gameboys Level-Up Edition,fi
Only We Know,fi
Outside,fi
Maria,fi
Strange Frequencies: Taiwan Killer Hospital,fi
Seasons,fi
Replacing Chef Chico,fi
The Missing,fi
Amo,fi
Kontrabida Academy,fi
The Last Goodbye,fi
Green Bones,fi
Lolo and the Kid,fi
ConMom,fi
Eerie,fi
Sosyal Climbers,fi
A Journey,fi
Pagtatag! The Documentary,fi
"Hello, Love, Again",fi
And The Breadwinner Is...,fi
Ballot,fi
Keys to the Heart,fi
My Future You,fi
GomBurZa,fi
Mallari,fi
I Love Filipino,fi
My Love Will Make You Disappear,fi
One Hit Wonder,fi
Rewind,fi
Lilim,fi
A Very Good Girl,fi
Isolated,fi
Uninvited,fi
Scarecrow,fi
Ex Ex Lovers,fi
Un-ex You,fi
Un/Happy For You,fi
Maple Leaf Dreams,fi
Izla,fi
Untold,fi
Aurora,fi
The Entitled,fi
The Girl and the Gun,fi
The House Arrest of Us,fi
Sampung Utos Kay Josh,fi
I Am Not Big Bird,fi
BuyBust,fi
Guilty Pleasure,fi
An Inconvenient Love,fi
Smaller and Smaller Circles,fi
I Love Lizzy,fi
Doll House,fi
Missed Connections,fi
Right Time,fi
Partners in Crime (Philippines Movie),fi
Red Ollero: Mabuhay Is A Lie,fi
Everything About My Wife,fi
My Amanda,fi
"Shake, Rattle & Roll Extreme",fi
Under Parallel Skies,fi
Family of Two (A Mother and Son Story),fi
Hold Me Close,fi
Fan Girl,fi
A Faraway Land,fi
That Kind of Love,fi
Fruitcake,fi
Love Is Colorblind,fi
Love Child,fi
Becky & Badette,fi
Kampon,fi
Dead Kids,fi
Finding Agnes,fi
Whispers in the Wind,fi
GG (Good Game),fi
Labyu With An Accent,fi
What If,fi
Mommy Issues,fi
Third World Romance,fi
Chances Are You and I,fi
To Russia with Love,fi
As If It's True,fi
Love You Long Time,fi
Love at First Stream,fi
Fuchsia Libre,fi
Momshies! Your Soul is Mine,fi
Princess 'Daya'Reese,fi
The Amazing Journey of the Letters,fi
Love or Money,fi
Will You Marry,fi
The Cheating Game,fi
Only You,fi
The Husbands of Rosario,fi
The Oskars Fantasy,fi
Here and There,fi
The Stranded,th
Kidnap,th
The Paradise of Thorns,th
Thame - Po Heart That Skips a Beat,th
Doi Boy,th
Reverse 4 You,th
23.5,th
Girl from Nowhere,th
Doctor Climax,th
ManSuang,th
Hunger,th
How To Make Millions Before Grandma Dies,th
Tomorrow and I,th
Mad Unicorn,th
Ziam,th
The Believers,th
Shutter,th
Hurts Like Hell,th
Deep,th
"Ready, Set, Love",th
Enigma Black Stage,th
Thai Cave Rescue,th
Master of the House,th
DELETE,th
Don’t Come Home,th
Remember You,th
404,th
Death Whisperer,th
6ixtynin9 The Series,th
Voice,th
Dalah: Death and the Flowers,th
School Tales The Series,th
Tunnel,th
The Stone,th
Death Whisperer 2,th
The Whole Truth,th
The Trapped 13: How We Survived The Thai Cave,th
I Need Romance,th
Love You to Debt,th
In Youth We Trust,th
Same Day with Someone,th
Bangkok Breaking,th
Friend Zone,th
The Promise,th
OMG! Oh My Girl,th
Terror Tuesday: Extreme,th
AI Love You,th
RedLife,th
Analog Squad,th
Slyth The Hunt Saga,th
Tomb Watcher,th
Dorm,th
Bad Guys,th
Not Friends,th
Laddaland,th
Phobia 2,th
Oh My Ghost,th
Body,th
Home for Rent,th
Hope Frozen: A Quest to Live Twice,th
Let's Fight Ghost,th
Ghost Lab,th
Happy Monday(s),th
Sing Again,th
Pee Nak 4,th
You & Me & Me,th
Long Live Love!,th
Gold Rush Gang,th
The Murderer,th
Morrison,th
Deaw Special: Super Soft Power,th
Frozen Hot Boys,th
My Boo,th
Pee Nak 3,th
The Lost Lotteries,th
Pee Nak,th
Fast & Feel Love,th
One Day,th
Bangkok Breaking: Heaven and Hell,th
Pee Nak 2,th
Pee Mak,th
Let's Eat,th
Answer for Heaven,th
Once Upon a Star,th
Love Destiny The Movie,th
Moo 2,th
One Take,th
DEAW#13 Udom Taephanich Stand Up Comedy Show,th
Sit Down with Stand Up Udom Taephanich,th
Game Changer,th
BOWKYLION Lanta Concert,th
INKSYLAND Concert,th
Bat War,th
The Cliche,th
"2,215",th
War 2 (Telugu),te
Salaar,te
Pitta Kathalu,te
Pushpa 2: The Rule (Reloaded Version),te
Devara,te
Lucky Baskhar,te
Saripodhaa Sanivaaram,te
Kalki 2898 AD (Hindi),te
HIT: The Third Case,te
Hi Nanna,te
8 Vasantalu,te
Daaku Maharaaj,te
Shyam Singha Roy,te
Guntur Kaaram,te
Kingdom,te
Thandel,te
Dasara,te
Thammudu,te
GodFather,te
Butta Bomma,te
Court: State vs A Nobody,te
Buddy,te
Ranga Ranga Vaibhavanga,te
Tillu Square,te
Miss India,te
Major (Telugu),te
Waltair Veerayya,te
Uppena,te
Game Over (Telugu Version),te
Wild Dog,te
The Ghost,te
Bro,te
Ante Sundaraniki,te
Jack,te
Bhola Shankar,te
Mad,te
Mr. Bachchan,te
Gangs of Godavari,te
Gandeevadhari Arjuna,te
Mathu Vadalara 2,te
Mad Square,te
Aadikeshava,te
18 Pages,te
Virupaksha,te
Miss Shetty Mr. Polishetty,te
Godse,te
Maha Samudram,te
Krishna and His Leela,te
Most Eligible Bachelor,te
Meter,te
F3: Fun and Frustration,te
Kushi,te
Bujjigadu Made In Chennai,te
Urvasivo Rakshasivo,te
Ramabanam,te
Saakini Daakini,te
Thimmarusu,te
Amigos,te
Aay,te
Bhaje Vaayu Vegam,te
Rangabali,te
Red,te
Krishna Vrinda Vihari,te
Virata Parvam,te
Kushi,te
Dongalunnaru Jagratha,te
Uma Maheswara Ugra Roopasya,te
Mishan Impossible,te
Dhamaka,te
Happy Birthday,te
Pakka Commercial,te
Cinema Bandi,te
Andhakaaram,te
Aithe,te
Tughlaq Durbar (Telugu),te
Amma Cheppindi,te
Boomika (Telugu),te
Ee Rojullo,te
99 Songs (Telugu),te
Bangaru Bullodu,te